transfer_id,frequency,top_k,path_type,cost_bps,observations,terminal,cagr,annualized_volatility,sharpe,sortino,calmar,maximum_drawdown,maximum_drawdown_duration_sessions,maximum_recovery_sessions,underwater_fraction,average_drawdown,pain_index,ulcer_index,cdar_95,daily_var_95,daily_expected_shortfall_95,worst_day,worst_week,worst_month,skew,excess_kurtosis,mean_long_exposure,mdd_peak_date,mdd_trough_date,mdd_recovery_date,cumulative_l1_turnover,event_count
MONTHLY_TOP10,monthly,10,matched_static,0.0,2134,6.760897407421483,0.2520966021178457,0.2347775611030482,1.0793402764905555,1.7632270578173028,0.9074821453340371,-0.2777978645795294,306,226,0.8776944704779757,-0.0525397053928689,0.0461138089038629,0.0646051223887034,0.1743704946472295,-0.0230136261476856,-0.034139770411486,-0.0927690175143214,-0.0952786625358533,-0.1177836427910983,-0.3014380141643952,3.3184825588193645,0.7452527002011718,2018-08-29,2018-12-24,2019-11-15,76.1537793385764,499
MONTHLY_TOP10,monthly,10,matched_static,5.0,2134,6.508255464443702,0.2465330329935351,0.2347768237230935,1.060172796706002,1.7307266636612195,0.883746416565661,-0.278963544714094,308,228,0.880506091846298,-0.0532922158357363,0.0469241206913535,0.0653744604763958,0.1755280924242361,-0.023070869566512,-0.0341668442176732,-0.0927736509975618,-0.0952892751243712,-0.1180089642862767,-0.3017521405191289,3.3175924171979148,0.7452527002011717,2018-08-29,2018-12-24,2019-11-19,76.15377933857638,499
MONTHLY_TOP10,monthly,10,matched_static,10.0,2134,6.264962731165275,0.24099206411037,0.2347830922317313,1.0409741330971098,1.6982401501338742,0.8602933048274527,-0.2801277921821155,313,233,0.8828491096532334,-0.0540827417595783,0.0477469004100494,0.0661670789831985,0.176698908819439,-0.0230825008366734,-0.0341950547756104,-0.0927782844808021,-0.0952998877128896,-0.1182342793206879,-0.302050773662812,3.3163349111154883,0.7452527002011718,2018-08-29,2018-12-24,2019-11-26,76.15377933857638,499
MONTHLY_TOP10,monthly,10,matched_static,20.0,2134,5.8050669567056,0.2299775939111312,0.2348166440434158,1.0024901558737165,1.633249306881688,0.8142183407092652,-0.282451994032458,342,262,0.8912839737582006,-0.0556199010108848,0.0495731263930192,0.0678564663055416,0.1790533748572928,-0.0230971792892443,-0.0342571364138871,-0.0927875514472826,-0.0953211128899267,-0.1186848900075434,-0.302620110238235,3.3127309567332723,0.7452527002011718,2018-08-29,2018-12-24,2020-01-09,76.1537793385764,499
MONTHLY_TOP10,monthly,10,naked,0.0,2134,10.787526878938902,0.3227373315271347,0.3151818599418966,1.049695307641538,1.7150907309355783,0.898948939139632,-0.3590163105771289,314,234,0.8889409559512652,-0.0724678279046161,0.0644196202132412,0.0883437755773065,0.2316934393215615,-0.030913811618046,-0.0458453550797715,-0.1229497881398065,-0.1276827579164241,-0.1560972381502615,-0.2894829178375767,3.2937585764703323,0.9994037955361004,2018-08-29,2018-12-24,2019-11-27,98.80626653752512,101
MONTHLY_TOP10,monthly,10,naked,5.0,2134,10.26740466286842,0.3151186783960322,0.315179582418641,1.031169556247072,1.683715730097045,0.8744667890427181,-0.3603552271447539,337,257,0.8912839737582006,-0.0736070033799048,0.0656047424688748,0.0894136668251021,0.2331232929681104,-0.0309655483876344,-0.0458810397028401,-0.1229497881398063,-0.1276827579164237,-0.1563687579285214,-0.2897254055701971,3.292560162794657,0.9994037955361004,2018-08-29,2018-12-24,2020-01-02,98.80626653752512,101
MONTHLY_TOP10,monthly,10,naked,10.0,2134,9.772103337973258,0.3075398867491616,0.3151867200772577,1.012613287668216,1.652353914628218,0.8502809978423651,-0.3616920612474712,342,262,0.8964386129334583,-0.0746754026232263,0.0669419143478125,0.0905947894134162,0.2345507261800319,-0.031015749033226,-0.0459174400318341,-0.1229497881398066,-0.127682757916424,-0.1566402777067815,-0.289951937772104,3.290998092409688,0.9994037955361004,2018-08-29,2018-12-24,2020-01-09,98.80626653752512,101
MONTHLY_TOP10,monthly,10,naked,20.0,2134,8.851329219165978,0.2925011374676955,0.3152292375382491,0.9754158740479696,1.589601469463527,0.8027817169243322,-0.3643594906325773,347,267,0.901124648547329,-0.0773782288720289,0.0697274292975218,0.0931177645670705,0.2374306978766034,-0.0310823057360084,-0.0459974360054555,-0.1229497881398068,-0.127682757916424,-0.1571833172633013,-0.290375774449473,3.2867955356784027,0.9994037955361004,2018-08-29,2018-12-24,2020-01-16,98.80626653752512,101
MONTHLY_TOP10,monthly,10,p00_overlay,0.0,2134,9.461060181864744,0.3024009510549579,0.2495806917465386,1.1887728785065044,1.933065973275611,1.178660191866877,-0.2565633022491289,269,252,0.8701968134957826,-0.0550687894339501,0.0479206850884935,0.067680932099982,0.178611394090234,-0.0240470604302719,-0.0380864049751579,-0.084665242971513,-0.1177454781665779,-0.1560972381502614,-0.216601324412632,3.929077166068396,0.7452527002011716,2018-06-01,2018-12-24,2019-04-05,103.5992930501574,499
MONTHLY_TOP10,monthly,10,p00_overlay,5.0,2134,8.983370878481821,0.2945335646436331,0.2495513358973681,1.1643454258005614,1.8916060047574268,1.1373873628662,-0.2589562485567034,269,252,0.8720712277413308,-0.056052231344744,0.048881538206452,0.0687427882308281,0.180314724790819,-0.0240470604302721,-0.0381101234721361,-0.0846652429715129,-0.1177454781665782,-0.1563687579285215,-0.2172625459880465,3.929802790962645,0.7452527002011716,2018-06-01,2018-12-24,2019-04-05,103.5992930501574,499
MONTHLY_TOP10,monthly,10,p00_overlay,10.0,2134,8.529636052344081,0.2867108178471709,0.2495305135388661,1.1398732424664373,1.850173393127264,1.097070082433321,-0.2613422993098501,270,238,0.8758200562324273,-0.0569272020947045,0.0498579853397388,0.0698221351994649,0.1820198968936081,-0.0240470604302723,-0.0381338419691141,-0.084665242971513,-0.1177454781665778,-0.1566402777067821,-0.2178919582508435,3.930124449531683,0.7452527002011716,2018-06-01,2018-12-24,2019-04-10,103.5992930501574,499
MONTHLY_TOP10,monthly,10,p00_overlay,20.0,2134,7.689316745401609,0.2711982949592235,0.2495144769639147,1.0908046582640127,1.767385488309844,1.0191831252830326,-0.266093784553105,270,238,0.8814432989690721,-0.0588258390031332,0.0518516415955452,0.072030103154246,0.1854511960364438,-0.0240470604302722,-0.0381812789630703,-0.0846652429715131,-0.1177454781665783,-0.157183317263302,-0.2190754725492262,3.9295565880544734,0.7452527002011716,2018-06-01,2018-12-24,2019-04-26,103.5992930501574,499
MONTHLY_TOP20,monthly,20,matched_static,0.0,2134,5.043828042726734,0.2096003707185798,0.2047321065209552,1.036300154195266,1.6713171482569271,0.786433587764802,-0.2665201155946366,255,175,0.8720712277413308,-0.0436707778922781,0.038084028892938,0.0553258886085185,0.1540335789904076,-0.0201726007062118,-0.0299938831772283,-0.0871741324778171,-0.1190649765684134,-0.1165392988073127,-0.3502975892780781,4.473965012573188,0.745267266671501,2020-02-19,2020-03-23,2020-07-29,71.92899124277486,499
MONTHLY_TOP20,monthly,20,matched_static,5.0,2134,4.865621387691457,0.2045261923857235,0.2047180718854364,1.0155939321683134,1.636815710424476,0.7665406867444828,-0.2668171382452656,294,214,0.8753514526710403,-0.0442389625857487,0.0387246401640949,0.0558963376352026,0.1548694244076766,-0.0201726007062118,-0.0300101039728737,-0.0871865044941651,-0.1190769163511245,-0.1168537350061923,-0.3501255368548848,4.473963411422321,0.745267266671501,2020-02-19,2020-03-23,2020-07-29,71.92899124277486,499
MONTHLY_TOP20,monthly,20,matched_static,10.0,2134,4.6936509835686655,0.199471506423184,0.2047110888038517,0.9948506007060588,1.6023353767516368,0.7467650487354529,-0.2671141435461694,297,217,0.8786316776007498,-0.0449049475244068,0.0394549093759432,0.0565073141720479,0.1557093157314102,-0.0201726007062118,-0.0300263247685192,-0.0871988765105136,-0.1190888561338364,-0.117168163295412,-0.3499101471949238,4.473289652220693,0.745267266671501,2020-02-19,2020-03-23,2020-07-30,71.92899124277486,499
MONTHLY_TOP20,monthly,20,matched_static,20.0,2134,4.367561809739828,0.1894203394318701,0.2047182794602091,0.9532611659964056,1.5334322167610042,0.7075629685664508,-0.2677081021009944,306,226,0.8847235238987816,-0.0464387501091255,0.0410854546420004,0.0578702973606315,0.1574053472468035,-0.0201726007062117,-0.0300587663598101,-0.0872236205432098,-0.1191127356992591,-0.1177969961452516,-0.349372377054747,4.469927218781534,0.745267266671501,2020-02-19,2020-03-23,2020-07-30,71.92899124277486,499
MONTHLY_TOP20,monthly,20,naked,0.0,2134,7.472743723718573,0.2667349855973706,0.2748600465286264,1.002407220767848,1.616465990018906,0.775118121393535,-0.3441217257542953,297,217,0.880037488284911,-0.0609398825098342,0.0536293811403321,0.0757917972207359,0.205442258760136,-0.0271118580001032,-0.0402591051560672,-0.1173821747743368,-0.1591622870091962,-0.1542059638075225,-0.3416907109275605,4.466180967373997,0.9997022675653104,2020-02-19,2020-03-23,2020-07-30,93.67886904502896,101
MONTHLY_TOP20,monthly,20,naked,5.0,2134,7.130713394689498,0.2598204771372334,0.274839437894855,0.9823154093750072,1.5830448029345638,0.7542968450252614,-0.3444538829120146,305,225,0.8828491096532334,-0.0620213938684456,0.0547555323562097,0.0767395144111982,0.2064833701546917,-0.0271118580001034,-0.0402796026906882,-0.1173821747743369,-0.1591622870091962,-0.1545949978920373,-0.3414207760299385,4.465642516373148,0.9997022675653104,2020-02-19,2020-03-23,2020-07-30,93.67886904502896,101
MONTHLY_TOP20,monthly,20,naked,10.0,2134,6.804181162154394,0.2529403399759926,0.2748283163794712,0.96218736860491,1.5496452717449571,0.7336153746968258,-0.3447860400697339,307,227,0.8861293345829429,-0.0631065687978608,0.0559205818166611,0.0777273111277801,0.2075233989918603,-0.0271118580001033,-0.0403001002253092,-0.1173821747743368,-0.1591622870091961,-0.1549840319765535,-0.3411069067225782,4.464432539416845,0.9997022675653104,2020-02-19,2020-03-23,2020-07-30,93.67886904502896,101
MONTHLY_TOP20,monthly,20,naked,20.0,2134,6.194861252884795,0.2392825630989392,0.2748345383282922,0.92183091437747,1.4828851844418631,0.6926684545592978,-0.3454503543851726,337,257,0.8917525773195877,-0.065409174034075,0.0583287995252318,0.0798096446849928,0.2096045121753634,-0.0271362666648011,-0.0403410952945512,-0.1173821747743366,-0.1591622870091958,-0.1557621001455841,-0.3403705765034304,4.459999443579531,0.9997022675653104,2020-02-19,2020-03-23,2020-07-31,93.67886904502896,101
MONTHLY_TOP20,monthly,20,p00_overlay,0.0,2134,6.376626566012519,0.2432279981537863,0.2152656565426605,1.124471035320875,1.813992590005881,1.0962676431716485,-0.2218691755328063,271,188,0.8687910028116214,-0.0472836286804132,0.0410795911778285,0.0593498296828042,0.1608798982560917,-0.0201239134024478,-0.0330425261678662,-0.0750859608353936,-0.1076825215905145,-0.1542059638075219,-0.1801105255479619,5.174139696779797,0.7452672666715012,2022-03-29,2022-05-11,2022-10-25,99.84264686287756,499
MONTHLY_TOP20,monthly,20,p00_overlay,5.0,2134,6.066058618191421,0.2359922956951212,0.2152206186844149,1.097244736591191,1.7683557674729051,1.0600202747681005,-0.2226299829470234,272,189,0.8706654170571696,-0.0481602518316716,0.0419314657466007,0.0603196688441981,0.1622654208294065,-0.0202414836023622,-0.0330634084777932,-0.0750859608353934,-0.1076825215905143,-0.1545949978920378,-0.1804361150548091,5.177387262956783,0.7452672666715012,2022-03-29,2022-05-11,2022-10-25,99.84264686287756,499
MONTHLY_TOP20,monthly,20,p00_overlay,10.0,2134,5.770514872198373,0.2287961837883811,0.2151846608108202,1.0699618902464807,1.7227745561602563,1.024198729036728,-0.2233904195561411,273,190,0.8744142455482662,-0.0489757426669065,0.0428250870742491,0.0613207460502888,0.1636586151330978,-0.020241483602362,-0.03308572792382,-0.0750859608353938,-0.1076825215905145,-0.1549840319765529,-0.1806996419393149,5.179836219016648,0.7452672666715012,2022-03-29,2022-05-11,2022-10-26,99.84264686287756,499
MONTHLY_TOP20,monthly,20,p00_overlay,20.0,2134,5.221646810292853,0.214521920005718,0.215140002079148,1.0152401927767944,1.6317155441836944,0.9523750391023016,-0.2252494145666859,277,194,0.8809746954076851,-0.0506722819768653,0.0446409981801812,0.0633775434734193,0.1665262593935308,-0.0202414836023622,-0.0331303668158736,-0.0750859608353936,-0.1076825215905145,-0.1557621001455845,-0.1810682145705335,5.182313840734393,0.7452672666715012,2018-06-12,2018-12-24,2019-04-05,99.84264686287754,499
MONTHLY_TOP5,monthly,5,matched_static,0.0,2134,4.757102067005785,0.201202833910735,0.2672177801418186,0.8236928943987075,1.3284826312145477,0.5903682529894079,-0.340809033839333,500,420,0.9179943767572634,-0.0827496827642621,0.0759637434560401,0.1000148543865512,0.234222215669545,-0.0268790171493122,-0.0388189998540249,-0.1396122882248415,-0.0997486243200219,-0.1303926880673314,-0.4364879991435637,3.974459619039936,0.7451184548375528,2018-08-29,2018-12-24,2020-08-25,75.64257827071458,499
MONTHLY_TOP5,monthly,5,matched_static,5.0,2134,4.580507502180906,0.1959014570374839,0.2672160837434598,0.8069692952106416,1.3008231323271022,0.5729827119852292,-0.3418976749904699,504,424,0.9198687910028116,-0.0841589920809505,0.0774152302975192,0.1018101148523478,0.2367543992722307,-0.0268790171493123,-0.0388458773316882,-0.1396199763822163,-0.0997549026281431,-0.13082137179304,-0.4364312635404306,3.9734030174909543,0.7451184548375528,2018-08-29,2018-12-24,2020-08-31,75.64257827071458,499
MONTHLY_TOP5,monthly,5,matched_static,10.0,2134,4.41040159556266,0.1906213628321962,0.267220818190841,0.790226465904302,1.2731653839475998,0.5557717555247139,-0.3429849770833122,506,426,0.9212746016869728,-0.0856062633674054,0.0788668761857165,0.1036341105621722,0.2393493743542835,-0.0268790171493122,-0.0388727548093514,-0.1396276645395915,-0.0997611809362641,-0.1312500286238893,-0.436335336975044,3.971946084246256,0.7451184548375528,2018-08-29,2018-12-24,2020-09-02,75.64257827071458,499
MONTHLY_TOP5,monthly,5,matched_static,20.0,2134,4.088720406001817,0.1801247138751671,0.2672495777914818,0.7566879635932746,1.217850145319609,0.5218652986735532,-0.3451555685595452,593,513,0.9250234301780692,-0.088795760435346,0.0821381589031739,0.1075139112142849,0.2447508506859156,-0.0268790171493123,-0.0389265097646778,-0.1396430408543408,-0.0997737375525062,-0.1321072616046037,-0.4360407969194515,3.967827443483684,0.7451184548375528,2018-08-29,2018-12-24,2021-01-07,75.64257827071458,499
MONTHLY_TOP5,monthly,5,naked,0.0,2134,6.495449438258524,0.2458489070056164,0.3585629136914181,0.7969166714532299,1.285963617858364,0.5658128123085824,-0.4345057263771108,506,426,0.9231490159325212,-0.1149138019951614,0.1060825632288978,0.1378955914993279,0.311610984402319,-0.0362025830799551,-0.0521305625782806,-0.1839183605652885,-0.1339922414797771,-0.1756104524166363,-0.4172732558029388,3.825470264654436,0.998807154625256,2018-08-29,2018-12-24,2020-09-02,97.5156928548665,101
MONTHLY_TOP5,monthly,5,naked,5.0,2134,6.1862579620446585,0.2387674324474484,0.3585598050309379,0.7808479096809285,1.2593995359534589,0.5479995354795821,-0.4357073628511217,580,500,0.9259606373008434,-0.1166369009535473,0.108001179139742,0.1401999818489271,0.3147994380310488,-0.0362025830799551,-0.0521653352811932,-0.1839183605652886,-0.1339922414797769,-0.1761163964997022,-0.4171625177186611,3.823913955235395,0.998807154625256,2018-08-29,2018-12-24,2020-12-17,97.5156928548665,101
MONTHLY_TOP5,monthly,5,naked,10.0,2134,5.891623708836955,0.231722279080689,0.3585653448809335,0.764760422994976,1.2328383488817551,0.530369617228277,-0.4369071522076897,593,513,0.9283036551077788,-0.1189207408939291,0.1103945584399595,0.1427424296537351,0.3180342940709422,-0.0362025830799551,-0.0522001079841059,-0.1839183605652884,-0.1339922414797769,-0.176622340582768,-0.4170127672241498,3.821974961346663,0.998807154625256,2018-08-29,2018-12-24,2021-01-07,97.5156928548665,101
MONTHLY_TOP5,monthly,5,naked,20.0,2134,5.343346792358761,0.2177402702588655,0.3586023678833439,0.7325339414515043,1.1797054088712071,0.4956514388738644,-0.439301196731272,594,514,0.9320524835988754,-0.1236652221244025,0.1152624774158559,0.1480403224018681,0.3247785757181297,-0.0362025830799551,-0.0522696533899311,-0.1839183605652886,-0.133992241479777,-0.1776342287489002,-0.4166112398618921,3.8169448197444176,0.998807154625256,2018-08-29,2018-12-24,2021-01-08,97.5156928548665,101
MONTHLY_TOP5,monthly,5,p00_overlay,0.0,2134,7.903173941377949,0.2750451867808381,0.2852547476347256,0.9990398892757498,1.629610221824381,0.8651714562164611,-0.3179082999150903,537,395,0.9044048734770384,-0.0728620830215749,0.0658968229764009,0.0868641613122803,0.2111353516981175,-0.027430406475694,-0.0429097269873143,-0.0954387559945932,-0.1300844079067263,-0.1443382548986415,-0.1661602725494969,3.9513827575338345,0.745118454837553,2018-06-01,2018-12-24,2020-07-21,103.34557682830234,499
MONTHLY_TOP5,monthly,5,p00_overlay,5.0,2134,7.5050910570264096,0.2673619666401186,0.2852209937747761,0.977709346262744,1.5936652925860155,0.8352662814420895,-0.3200918947410608,544,402,0.9072164948453608,-0.0750607193294086,0.0680963226905975,0.089044828880903,0.213382386473509,-0.0274304064756938,-0.0429270487873886,-0.0954491469941174,-0.1302767029489506,-0.1445299795339201,-0.1661337215708147,3.953514358440432,0.745118454837553,2018-06-01,2018-12-24,2020-07-30,103.34557682830234,499
MONTHLY_TOP5,monthly,5,p00_overlay,10.0,2134,7.126916158955527,0.2597220874419168,0.2851951042236528,0.9563473818317254,1.5577280852937168,0.8059163771870874,-0.3222692760611617,544,402,0.9095595126522962,-0.0773549838491838,0.0703589614110898,0.0913524514186737,0.2156840136116224,-0.0274304064756938,-0.0429443705874628,-0.0954595379936416,-0.1304689979911741,-0.1447217041691976,-0.1660709027753291,3.955228821234088,0.745118454837553,2018-06-01,2018-12-24,2020-07-30,103.34557682830234,499
MONTHLY_TOP5,monthly,5,p00_overlay,20.0,2134,6.426385286397137,0.2445714394472653,0.2851669259649979,0.9135362037413476,1.4859101215668926,0.7488283849673399,-0.3266054604192552,546,404,0.9137769447047798,-0.082089593991751,0.0750115783898381,0.0963511205853633,0.2205171235544679,-0.0274304064756941,-0.0429790141876114,-0.09548031999269,-0.1308535880756216,-0.1451051534397542,-0.1658530676011244,3.9573907499597754,0.745118454837553,2018-06-01,2018-12-24,2020-08-03,103.34557682830234,499
MONTHLY_TOP50,monthly,50,matched_static,0.0,2134,3.459395278238335,0.1570222528621909,0.17493695164966,0.9256573073432988,1.4784511226639971,0.5770786853344354,-0.2720985142107468,308,228,0.880506091846298,-0.0403355348625132,0.0355156841643216,0.052792382884445,0.153009578891405,-0.016731490769203,-0.0258918355347216,-0.0911848382516001,-0.1259747491692631,-0.0929214365313605,-0.3335497515148357,6.843715574780836,0.7451320684480408,2020-02-19,2020-03-23,2020-08-28,63.4048142124789,499
MONTHLY_TOP50,monthly,50,matched_static,5.0,2134,3.3514277812638564,0.1527488757048736,0.1749255061629755,0.9042903398006246,1.4433438844509547,0.560888375660005,-0.2723338231517669,313,233,0.8856607310215557,-0.0410247255088041,0.0363339883840861,0.0535702706904426,0.1541225295852389,-0.0168061487352917,-0.0259042067632876,-0.091197608439368,-0.1259870305076879,-0.0932537794549673,-0.3332570144911663,6.845459502371357,0.7451320684480407,2020-02-19,2020-03-23,2020-09-01,63.40481421247891,499
MONTHLY_TOP50,monthly,50,matched_static,10.0,2134,3.2467978939398408,0.148489962072704,0.1749204193894922,0.8828884800068855,1.4082451687860689,0.544779111404383,-0.2725691183164358,314,234,0.887535145267104,-0.0418734237438428,0.0371641352253225,0.0543705591079163,0.1552545353316357,-0.0168853445111744,-0.0259189934060376,-0.0912103786271362,-0.1259993118461129,-0.0935861161664994,-0.3329207509368483,6.846146878228771,0.7451320684480408,2020-02-19,2020-03-23,2020-09-01,63.4048142124789,499
MONTHLY_TOP50,monthly,50,matched_static,20.0,2134,3.047145302551402,0.1400153473230636,0.1749293235075696,0.8399894073144549,1.3381421467185428,0.5128022191726257,-0.2730396673184637,341,261,0.8926897844423618,-0.0436050881970251,0.0389258167831925,0.0560528512695403,0.1575521246681814,-0.0171518997766183,-0.0259519314131089,-0.0912359190026713,-0.1260238745229618,-0.094250770953557,-0.3321423809392112,6.844351040373526,0.7451320684480408,2020-02-19,2020-03-23,2020-09-02,63.4048142124789,499
MONTHLY_TOP50,monthly,50,naked,0.0,2134,4.579537326674541,0.1957053524889502,0.2348402400799225,0.8831689422265767,1.4096263668290807,0.5577582820260827,-0.3508784338944131,330,250,0.8908153701968134,-0.0567177106322064,0.0505250083935447,0.0730263216463758,0.2052202852267917,-0.0224644542728543,-0.0347568451627173,-0.1227464789708228,-0.1682016737917907,-0.1279458849879706,-0.3273087313210043,6.9014301769199005,0.9992932833025776,2020-02-19,2020-03-23,2020-09-02,82.59773622818297,101
MONTHLY_TOP50,monthly,50,naked,5.0,2134,4.394220859075445,0.1899572370457189,0.2348231424185207,0.8624303587959703,1.3756334064817624,0.5409810559647943,-0.3511347300451144,337,257,0.8931583880037488,-0.0578389399051219,0.0516593343295044,0.0740948250449121,0.2066187616325555,-0.0225065430655091,-0.0347728376122285,-0.1227464789708226,-0.1682016737917906,-0.1282902027930652,-0.3268781173640033,6.9020890614614245,0.9992932833025776,2020-02-19,2020-03-23,2020-09-02,82.59773622818297,101
MONTHLY_TOP50,monthly,50,naked,10.0,2134,4.216328617790087,0.1842343077438408,0.2348145890838546,0.8416581281711044,1.341655156994606,0.5242999792521024,-0.3513910261958152,342,262,0.8987816307403936,-0.0587661982672862,0.0528179795110848,0.0751951899147092,0.2080151672915953,-0.0226452762574909,-0.034792078394464,-0.1227464789708229,-0.1682016737917908,-0.1286345205981584,-0.3264033889244097,6.901684132148473,0.9992932833025776,2020-02-19,2020-03-23,2020-09-02,82.59773622818297,101
MONTHLY_TOP50,monthly,50,naked,20.0,2134,3.8816506318990807,0.1728636090195681,0.2348231181967246,0.8000217783078882,1.2737713630401346,0.4912243010110877,-0.3519036184972174,418,266,0.901593252108716,-0.0614527398791919,0.0554053755986716,0.0776292187657434,0.2108541378687516,-0.0229995058375373,-0.034834030614902,-0.1227464789708225,-0.1682016737917906,-0.1293231562083472,-0.3253465322923629,6.8976828333589,0.9992932833025776,2020-02-19,2020-03-23,2020-09-02,82.59773622818297,101
MONTHLY_TOP50,monthly,50,p00_overlay,0.0,2134,4.0407149787464505,0.1781606259612578,0.1805092044493094,1.0042210157731186,1.5945174892680314,0.803720227639508,-0.2216699540890092,526,374,0.8701968134957826,-0.0442348808734427,0.0384930523814353,0.0569079893598942,0.161314896477644,-0.0170148796154329,-0.027757634547246,-0.0691253400723097,-0.0957658329875073,-0.1232993086941627,-0.280260037403286,6.507989740746671,0.7451320684480408,2021-11-08,2022-06-16,2023-12-12,91.7837964823212,499
MONTHLY_TOP50,monthly,50,p00_overlay,5.0,2134,3.859441506647879,0.1718613058204627,0.1804674248941488,0.9743601983676838,1.5456093060280236,0.7660186779458465,-0.2243565473903659,527,375,0.8744142455482662,-0.0459388630902162,0.0401695963103765,0.0588528692400018,0.1638939535333998,-0.0170148796154327,-0.02777868520174,-0.0691253400723095,-0.0960850797390721,-0.1237187739567099,-0.280098746371563,6.514114790500711,0.7451320684480408,2021-11-08,2022-06-16,2023-12-13,91.7837964823212,499
MONTHLY_TOP50,monthly,50,p00_overlay,10.0,2134,3.6862466712221815,0.1655936993785673,0.1804345496878196,0.9444389418982504,1.4967385685672323,0.7293755612935847,-0.2270348886996961,528,376,0.880037488284911,-0.0475534003926125,0.0418487750409214,0.0608787251425466,0.166477367256443,-0.0170148796154328,-0.0277997358562341,-0.0691253400723096,-0.096404326490637,-0.1241382392192588,-0.279854039288985,6.518977506956897,0.7451320684480408,2021-11-08,2022-06-16,2023-12-14,91.7837964823212,499
MONTHLY_TOP50,monthly,50,p00_overlay,20.0,2134,3.3626780501171494,0.1531530285170104,0.1803955304757943,0.8844326315004222,1.399124217817492,0.6591000078353719,-0.2323669044095422,534,382,0.8903467666354264,-0.0508435393671408,0.0452683808798348,0.0651381821028263,0.1718363354441656,-0.0170148796154325,-0.0278418371652221,-0.0691253400723097,-0.0970428199937667,-0.1249771697443559,-0.2791483686424976,6.524884837490383,0.7451320684480408,2021-11-08,2022-06-16,2023-12-22,91.7837964823212,499
WEEKLY_TOP10,weekly,10,matched_static,0.0,2134,5.638114415679464,0.225530682198098,0.2377516570872275,0.978395379461246,1.6039179293325252,0.790031834922241,-0.2854703724949209,467,387,0.8912839737582006,-0.0617897352130259,0.0550722007381328,0.0728785135835669,0.1795910329254076,-0.0233422444339972,-0.0341979116997252,-0.0994711130376651,-0.1333787973676325,-0.1039112056203795,-0.1685657028728232,4.457966402792577,0.745218767945515,2018-08-29,2018-12-24,2020-07-09,163.2172312251854,444
WEEKLY_TOP10,weekly,10,matched_static,5.0,2134,5.196221500913363,0.2138290107555553,0.2377399873532526,0.9378649478901918,1.535236715767762,0.7434750404362357,-0.2876075175705841,479,399,0.8973758200562324,-0.0646084814945008,0.0579780890637156,0.0759240647791602,0.1835787138878496,-0.0233422444339973,-0.0342419917341428,-0.0997483881189739,-0.1336456321887059,-0.1046286850242024,-0.1695109150668783,4.472388067833109,0.745218767945515,2018-08-29,2018-12-24,2020-07-27,163.21723122518537,444
WEEKLY_TOP10,weekly,10,matched_static,10.0,2134,4.788872867500595,0.2022364355447548,0.2377360714615122,0.8973012704219864,1.4667170949913764,0.6979958960063761,-0.2897387172358208,482,402,0.9029990627928772,-0.0674936520038204,0.0609467045039184,0.0791720171096453,0.1878487042113226,-0.023369656707883,-0.0342860717685604,-0.1000256632002832,-0.1339124670097797,-0.1053457428470429,-0.1704323557823759,4.486308562526574,0.745218767945515,2018-08-29,2018-12-24,2020-07-30,163.21723122518537,444
WEEKLY_TOP10,weekly,10,matched_static,20.0,2134,4.067244112690719,0.1793746116737358,0.2377515019786188,0.8160900500184659,1.3302203816359928,0.6059839013092951,-0.2960055725674843,486,245,0.9109653233364574,-0.0737700704600001,0.0672019760891473,0.0862886065937426,0.1985729595769475,-0.0236102834428842,-0.0343759094930985,-0.1005802133629013,-0.1344461366519262,-0.1067785944302032,-0.1722131576550416,4.512621195664591,0.745218767945515,2018-08-29,2020-03-23,2020-08-05,163.21723122518537,444
WEEKLY_TOP10,weekly,10,naked,0.0,2134,8.440171055067598,0.2849578632544702,0.3191994781396634,0.9493908111544124,1.5568812582742912,0.7728694346812707,-0.3687011679689288,481,401,0.8992502343017807,-0.0869795008364058,0.0782163365065898,0.1016061120794472,0.2417450928558527,-0.0315148716770731,-0.0458900495513742,-0.1331880052366134,-0.1776773527455116,-0.140820617329449,-0.1561059928711813,4.436920158386976,1.0,2018-08-29,2018-12-24,2020-07-29,218.8264991166269,443
WEEKLY_TOP10,weekly,10,naked,5.0,2134,7.565303861965182,0.2685348810044943,0.3191813518852308,0.9089117059637628,1.4883330968608064,0.723344336652968,-0.3712407319687452,482,402,0.9029990627928772,-0.0908665284809078,0.0820523900575021,0.105833637081349,0.2472881323967741,-0.031514871677073,-0.0459486675789897,-0.1335526619922404,-0.1780232933998151,-0.1417413971346003,-0.1570166238110639,4.450969188214119,1.0,2018-08-29,2018-12-24,2020-07-30,218.8264991166269,443
WEEKLY_TOP10,weekly,10,naked,10.0,2134,6.780893034929611,0.2523168620287579,0.3191736272737531,0.868399701454166,1.4199468071185035,0.6750577279650029,-0.3737707925948502,484,404,0.907685098406748,-0.0949323618608701,0.0861686902176689,0.1103956953712053,0.253725239506678,-0.0316697327849705,-0.0460073075869171,-0.1339173187478674,-0.1783692340541185,-0.1426614526023621,-0.1579030576876939,4.464519695452808,1.0,2018-08-29,2018-12-24,2020-08-03,218.8264991166269,443
WEEKLY_TOP10,weekly,10,naked,20.0,2134,5.447083788173366,0.2204857563262678,0.3191893849834922,0.7872928287231671,1.283715255833887,0.5612224750489248,-0.392866939812143,506,114,0.9170571696344892,-0.103504499028815,0.0949195429238008,0.1201869693175193,0.268848222112152,-0.0317434037480047,-0.0461302915537261,-0.1346466322591215,-0.179061115362725,-0.1444993920880913,-0.159612612810702,4.490100091631776,1.0,2018-08-29,2020-03-23,2020-09-02,218.8264991166269,443
WEEKLY_TOP10,weekly,10,p00_overlay,0.0,2134,7.949808137060707,0.27590762661193,0.2524822247024987,1.0962359872877911,1.8060912648877456,1.1559009683008608,-0.2386948658910683,268,251,0.8734770384254921,-0.0569701007760141,0.0497620749046346,0.0684428193166415,0.1643669179157342,-0.0245102415589049,-0.0378944448493078,-0.0797207071537626,-0.1083951635550937,-0.1171606178517846,0.0160179543598276,4.776781567002449,0.7452187679455148,2018-06-18,2018-12-24,2019-04-12,185.30595545220467,444
WEEKLY_TOP10,weekly,10,p00_overlay,5.0,2134,7.246234207212097,0.2620963530093394,0.2524867862528539,1.0528470569552673,1.7316923770818422,1.0810064561549737,-0.2424558627906706,367,252,0.8781630740393627,-0.0597833605051936,0.0524995396376442,0.0716774332820241,0.1707005946047632,-0.0247099809740411,-0.0379511683040281,-0.0797207071537625,-0.1085827333354308,-0.1177629975651244,0.0148032152270317,4.791344187075683,0.7452187679455148,2018-06-18,2018-12-24,2019-07-03,185.30595545220467,444
WEEKLY_TOP10,weekly,10,p00_overlay,10.0,2134,6.604757461370783,0.2484308126569865,0.2525015498711709,1.009418908175029,1.65750633792027,1.0090640815896952,-0.2461992426344269,385,253,0.887066541705717,-0.0628266254766942,0.0557313973886514,0.0752092568830323,0.177572808905262,-0.0248005612931369,-0.0380148308824536,-0.0797207071537629,-0.108770303115768,-0.1183650994076265,0.0135839042895909,4.805260539778021,0.7452187679455148,2018-06-18,2018-12-24,2019-09-18,185.30595545220467,444
WEEKLY_TOP10,weekly,10,p00_overlay,20.0,2134,5.486712730644387,0.2215309532622653,0.2525616749189694,0.922466073969089,1.50978961841986,0.8729133091102164,-0.2537834524347873,428,262,0.8978444236176195,-0.0706910503797698,0.0634695653831485,0.0832993650051018,0.1928300855172338,-0.0250566795491224,-0.0381452699884228,-0.0797207071537625,-0.1091454426764418,-0.1195684697797677,0.0111176605520434,4.83113045343894,0.7452187679455148,2021-02-12,2022-06-16,2022-10-25,185.30595545220467,444
WEEKLY_TOP20,weekly,20,matched_static,0.0,2134,5.518642610283557,0.2225196886959084,0.2070619831355351,1.0781844974925467,1.761120979094286,0.8577963855427406,-0.2594085175063041,330,250,0.8697282099343955,-0.0474740736798765,0.0412895411198926,0.0589589623826335,0.1603743689454896,-0.019914975085652,-0.0298812361285903,-0.095673563946673,-0.1376295904621512,-0.1032303678729905,-0.2028252328532268,5.273677366384453,0.7452327013339254,2018-08-29,2018-12-24,2019-12-20,152.70142540586787,444
WEEKLY_TOP20,weekly,20,matched_static,5.0,2134,5.112935199506838,0.2115990680439936,0.2070785265727254,1.0345417505754722,1.6874675398678014,0.8094060212766776,-0.2614251222275787,337,257,0.8758200562324273,-0.0489340013451619,0.0428573798097974,0.0605595158741022,0.1623554866545689,-0.0200401763659297,-0.0299175486954332,-0.0959869397643944,-0.1379284272775901,-0.1038729529570204,-0.2037972557811939,5.293861015338521,0.7452327013339254,2018-08-29,2018-12-24,2020-01-02,152.70142540586784,444
WEEKLY_TOP20,weekly,20,matched_static,10.0,2134,4.736981942693592,0.200773871912254,0.2071021448872284,0.990872125680876,1.6140273312663769,0.762133637144227,-0.2634365708677668,342,262,0.8814432989690721,-0.0504795265376683,0.0444948404017592,0.0622700891540744,0.1643683137501453,-0.020083547419058,-0.0299566691090459,-0.0963003155821158,-0.1382272640930296,-0.1045151713509082,-0.2047600008763907,5.313408855530922,0.7452327013339254,2018-08-29,2018-12-24,2020-01-09,152.70142540586787,444
WEEKLY_TOP20,weekly,20,matched_static,20.0,2134,4.06578926191632,0.1794064987637031,0.2071705957445646,0.9034702254220286,1.4677337572745868,0.6708188097688639,-0.2674440491993943,347,267,0.895032802249297,-0.0539263238348027,0.0482658287368665,0.0662465897822104,0.168552048990805,-0.0201455860407943,-0.0300397807140664,-0.0969270672175584,-0.1388249377239078,-0.1057985086929992,-0.2066661946181446,5.350570701164715,0.7452327013339254,2018-08-29,2018-12-24,2020-01-16,152.70142540586784,444
WEEKLY_TOP20,weekly,20,naked,0.0,2134,8.419256270961705,0.2847007505642704,0.2779431615666435,1.0448562854382923,1.7068230020936284,0.845495254908227,-0.3367266095362923,337,257,0.8772258669165885,-0.065984614364141,0.0578834105387403,0.0810986695756951,0.2140973318848981,-0.0267637747392504,-0.0400915601497895,-0.128225094459071,-0.1831414442667812,-0.1377181875352963,-0.1912270370751604,5.270480187513543,0.999908006997794,2018-08-29,2018-12-24,2020-01-02,204.74749377688192,443
WEEKLY_TOP20,weekly,20,naked,5.0,2134,7.599892663876895,0.2693362692288288,0.277963326929962,1.0012694043925878,1.6333443960161378,0.7941426942296098,-0.3391534936805146,342,262,0.8833177132146204,-0.0682502980999873,0.0602866972438969,0.0835473546815339,0.2166504728373922,-0.0268908385245294,-0.0401412062551793,-0.1286360890621609,-0.1835265487883273,-0.1385522210741776,-0.1921443397973227,5.290159808480102,0.999908006997794,2018-08-29,2018-12-24,2020-01-09,204.74749377688192,443
WEEKLY_TOP20,weekly,20,naked,10.0,2134,6.86008266926733,0.2541515404804906,0.277992976697206,0.9576561731944904,1.5600770918526292,0.7440642420134583,-0.3415720392539622,346,266,0.8898781630740393,-0.0704995901173438,0.0627360457510946,0.0861227281838218,0.2192770678163159,-0.0269731431491711,-0.0401956100217377,-0.1290470836652508,-0.1839116533098734,-0.139385612215188,-0.1930521203111194,5.309198632042927,0.999908006997794,2018-08-29,2018-12-24,2020-01-15,204.74749377688192,443
WEEKLY_TOP20,weekly,20,naked,20.0,2134,5.589044737907121,0.2243131382031478,0.2780807163379738,0.8703685904848013,1.414109167431931,0.6475847457300568,-0.3463842218060088,360,280,0.90253045923149,-0.0752226798899666,0.0678907598257149,0.0916517510843863,0.2247135950061231,-0.0270762780820006,-0.0403080412422013,-0.1298690728714302,-0.1846818623529649,-0.1410504687806885,-0.1948477105981718,5.345327748933462,0.999908006997794,2018-08-29,2018-12-24,2020-02-05,204.74749377688192,443
WEEKLY_TOP20,weekly,20,p00_overlay,0.0,2134,7.0015412200724,0.2570295110743708,0.2179656622918402,1.1638059444238584,1.8990384430537808,1.1497399542067246,-0.2235544743260757,269,252,0.8584817244611059,-0.0446408870101868,0.0383233856619785,0.0553012113058261,0.1471421231912683,-0.0206994718406432,-0.033196228854832,-0.0769727034343369,-0.0979961812902546,-0.1200209905791958,-0.0592381145425314,5.5524389441206665,0.7452327013339253,2018-06-12,2018-12-24,2019-04-05,174.1243653263027,444
WEEKLY_TOP20,weekly,20,p00_overlay,5.0,2134,6.417682208613899,0.2442440395501262,0.2179688223132098,1.116581892370327,1.8190699369833516,1.0751899242626874,-0.2271636238756764,270,253,0.865979381443299,-0.0460798830871806,0.0399042286528162,0.0570897832279716,0.149737214900577,-0.0207205903406454,-0.0332484761972432,-0.0769727034343367,-0.0980556029373045,-0.121076386850208,-0.0597197793160554,5.56619972188725,0.7452327013339253,2018-06-12,2018-12-24,2019-04-10,174.1243653263027,444
WEEKLY_TOP20,weekly,20,p00_overlay,10.0,2134,5.882380707882912,0.2315854204761778,0.217982095840454,1.069309595534437,1.7393414367381836,1.0035910339203284,-0.2307567651053392,300,254,0.8772258669165885,-0.0474753865963854,0.0416466371642143,0.0589815906460336,0.1523530770558159,-0.0207417088406479,-0.0333007235396543,-0.0769727034343369,-0.0981150245843546,-0.1221308355906771,-0.0601924401348003,5.578977057979456,0.7452327013339253,2018-06-12,2018-12-24,2019-08-21,174.1243653263027,444
WEEKLY_TOP20,weekly,20,p00_overlay,20.0,2134,4.941673358165774,0.2066438423992167,0.2180389746171126,0.9746466676036352,1.5805449985461602,0.8686335900192542,-0.2378952929907261,357,256,0.8884723523898782,-0.0518062871906994,0.0460284538489063,0.063242296500657,0.1579076475355198,-0.0207808910255744,-0.0334052182244766,-0.0769727034343368,-0.0982338678784544,-0.124236892743532,-0.0611288045436347,5.6015549755565655,0.7452327013339253,2018-06-12,2018-12-24,2019-11-11,174.1243653263027,444
WEEKLY_TOP5,weekly,5,matched_static,0.0,2134,3.963943975372497,0.1756065089298253,0.2809686692976677,0.7196340883541722,1.1831172536075585,0.5170874546561179,-0.3396069801125035,485,146,0.92970946579194,-0.0966729389243878,0.0898777464039294,0.1101850827084925,0.2378008045051496,-0.0286381968207114,-0.040645764098987,-0.1091741312773229,-0.1571296148560366,-0.153294864998938,-0.0987557267697399,3.84369445405988,0.7451297343936897,2018-08-28,2020-03-23,2020-08-03,175.07165270457926,444
WEEKLY_TOP5,weekly,5,matched_static,5.0,2134,3.6316662803162063,0.1635664455409335,0.2809548410777752,0.6828448736512766,1.1210326476299817,0.4640639061090655,-0.3524653466638963,556,390,0.9353327085285849,-0.1010604179880404,0.0945251144817847,0.1152605049837075,0.2433486245636391,-0.0286381968207115,-0.0406971225061096,-0.1094557132775004,-0.157388521099736,-0.154206816102323,-0.1007737894857275,3.858849065223684,0.7451297343936897,2018-08-28,2020-03-23,2020-08-05,175.07165270457926,444
WEEKLY_TOP5,weekly,5,matched_static,10.0,2134,3.3271613283157,0.1516464222508835,0.2809496844254668,0.6460320968147376,1.0591243987104422,0.4153816036847451,-0.3650773671863812,565,399,0.9395501405810684,-0.1064404312275997,0.1000061221234008,0.1211167480300571,0.2493739075934056,-0.0286381968207114,-0.0407484809132323,-0.109737295277678,-0.157647427343436,-0.1551180418271881,-0.1027742154809141,3.8736615545612167,0.7451297343936897,2018-08-28,2020-03-23,2020-08-17,175.07165270457926,444
WEEKLY_TOP5,weekly,5,matched_static,20.0,2134,2.792403564879098,0.1281618488310014,0.2809653869305246,0.5723494877014846,0.9357713983209528,0.3289736823320006,-0.3895808562025347,604,418,0.9484536082474226,-0.1184713654874848,0.1123645940706041,0.1340772330257753,0.2632163992940264,-0.0286381968207115,-0.0408511977274776,-0.1103004592780334,-0.1581652398308356,-0.1569383186489309,-0.1067306370801184,3.902234528821428,0.7451297343936897,2018-08-28,2020-03-23,2021-01-22,175.07165270457926,444
WEEKLY_TOP5,weekly,5,naked,0.0,2134,5.033084444522535,0.2088827145133731,0.3769916251516629,0.6952132933207489,1.1431005743492189,0.4691614197529124,-0.4452256850603421,565,399,0.936269915651359,-0.1384478880567052,0.1296245924729602,0.1560285134187993,0.3172906610932131,-0.03851358980225,-0.0545460247939037,-0.1444922871337487,-0.2085843080735443,-0.2034005594453378,-0.0917187965517987,3.794605894261228,1.0,2018-08-28,2020-03-23,2020-08-05,234.73221399788144,443
WEEKLY_TOP5,weekly,5,naked,5.0,2134,4.475621161280781,0.1923110788020821,0.3769690891675387,0.658449872746946,1.081118936209517,0.4183449385858146,-0.4596950053995539,578,412,0.9409559512652296,-0.1452305191865067,0.1366555213338826,0.1636688981673297,0.3246520134291937,-0.03851358980225,-0.0546141650862134,-0.1448552412095239,-0.2089186903679245,-0.2045540167310733,-0.0936465526771314,3.8092203409892615,1.0,2018-08-28,2020-03-23,2020-08-17,234.73221399788144,443
WEEKLY_TOP5,weekly,5,naked,10.0,2134,3.9797291623892086,0.1759606013442289,0.376958196332266,0.6216628543638554,1.0193074223599,0.371387114651451,-0.4737929626593777,595,418,0.9470477975632616,-0.1521532702287193,0.1440964194621563,0.1716303589750821,0.3327902520582391,-0.0385135898022499,-0.0546823053785232,-0.1452181952852993,-0.2092530726623052,-0.2057062401392453,-0.0955552056913049,3.823493237493169,1.0,2018-08-28,2020-03-23,2021-01-08,234.73221399788144,443
WEEKLY_TOP5,weekly,5,naked,20.0,2134,3.1462783410589585,0.1439116692384063,0.3769713430666814,0.5480316505198202,0.8961487816779041,0.2872992672274392,-0.5009120650644727,785,507,0.9559512652296156,-0.1699977955100491,0.1625096077040769,0.1901576366022587,0.3521788399155525,-0.0385135898022499,-0.0548185859631428,-0.14594410343685,-0.2099218372510664,-0.2080069887733558,-0.0993238142426272,3.850988606199844,1.0,2018-08-28,2020-03-23,2021-10-11,234.73221399788144,443
WEEKLY_TOP5,weekly,5,p00_overlay,0.0,2134,5.879549355051627,0.2312784383972561,0.3001162729230186,0.8471801874580732,1.3992494149200745,0.63164661596935,-0.3661516305954193,589,418,0.9245548266166824,-0.1054339982077649,0.0974795119324837,0.1261032493101032,0.2723176801022859,-0.0288555295777644,-0.0444511140377249,-0.0891389915653335,-0.1254284179518199,-0.2034005594453376,0.0926366156257606,5.001811636023838,0.74512973439369,2021-10-26,2022-07-01,2024-03-01,196.1794902098486,444
WEEKLY_TOP5,weekly,5,p00_overlay,5.0,2134,5.330125504635554,0.2171681803130214,0.3000954139378217,0.8085943515011861,1.333384979231492,0.5834963546928763,-0.3721842965537086,589,418,0.9259606373008434,-0.1124039570648835,0.1040816397189362,0.133132901331921,0.2826065998581532,-0.0289487149722948,-0.0445151488498227,-0.0893546870007802,-0.1254364466798175,-0.2045540167310732,0.0901941415673733,5.016830372468975,0.74512973439369,2021-10-26,2022-07-01,2024-03-01,196.1794902098486,444
WEEKLY_TOP5,weekly,5,p00_overlay,10.0,2134,4.831892715272442,0.2032152270024205,0.3000850830474464,0.7699761365758784,1.267715780432543,0.5315921976305706,-0.3822765418834171,818,470,0.9334582942830364,-0.1202959160022361,0.1122912205606627,0.1425345557064452,0.2980390879119479,-0.0289487149722945,-0.0445803388025787,-0.0895703824362266,-0.1254444754078153,-0.2057062401392453,0.0877529964236211,5.031363746070269,0.74512973439369,2021-02-12,2022-07-01,2024-05-15,196.1794902098486,444
WEEKLY_TOP5,weekly,5,p00_overlay,20.0,2134,3.970418593476946,0.1757744320673315,0.3000960087922995,0.6926588136251203,1.136907760969671,0.4360500763569163,-0.4031060687705429,853,505,0.9404873477038426,-0.1389539424526456,0.130684424790281,0.1629474033482452,0.3306676335279658,-0.0290517385988802,-0.0447157871033722,-0.0900017733071197,-0.1254605328638109,-0.2080069887733555,0.0828645526144088,5.058945176677819,0.74512973439369,2021-02-12,2022-07-01,2024-07-08,196.1794902098486,444
WEEKLY_TOP50,weekly,50,matched_static,0.0,2134,3.6750190837374,0.1653131724369856,0.1751589543572028,0.9654876938385176,1.5487398947817956,0.6220379964993221,-0.2657605698805021,294,214,0.8762886597938144,-0.0369174156970407,0.0323503127242109,0.0493726852359222,0.1459091579648212,-0.0169412379387103,-0.025566090520794,-0.0973188711933171,-0.1338018504185877,-0.0846054048321798,-0.3179852397167063,7.79343911854671,0.745089608113578,2020-02-19,2020-03-23,2020-08-03,136.2855941109995,444
WEEKLY_TOP50,weekly,50,matched_static,5.0,2134,3.4329150543770943,0.1560237641865589,0.1751691375151426,0.9194765673890466,1.4729659736671137,0.58576242085449,-0.2663601464207227,306,226,0.8837863167760075,-0.0380809693465675,0.033655439638063,0.0504620506356789,0.1474063530319355,-0.0169826276225956,-0.0255994867424091,-0.0975077217430719,-0.1339830683387644,-0.0853393506450075,-0.3189952663029815,7.813701749881567,0.745089608113578,2020-02-19,2020-03-23,2020-08-04,136.2855941109995,444
WEEKLY_TOP50,weekly,50,matched_static,10.0,2134,3.206723489463487,0.146806866202678,0.1751856209878704,0.8734393769848259,1.3973986642493252,0.5499222028129421,-0.2669593361601639,308,228,0.8903467666354264,-0.0393313217314158,0.0350185151310637,0.0516415432838576,0.1489096297722121,-0.0170054971381244,-0.0256333444485541,-0.097696572292827,-0.1341642862589412,-0.0860728329321686,-0.3199763671939338,7.832891635537328,0.745089608113578,2020-02-19,2020-03-23,2020-08-05,136.2855941109995,444
WEEKLY_TOP50,weekly,50,matched_static,20.0,2134,2.7979722916711145,0.1285883891669592,0.1752374810865783,0.7813067361972872,1.246816294400713,0.4795272996378054,-0.2681565559751949,337,257,0.9029990627928772,-0.0429029737199577,0.0387413450601493,0.0550488455036353,0.1536148686526872,-0.0171327201305263,-0.0257035348388699,-0.0980742733923369,-0.1345267220992947,-0.0875384077929325,-0.3218602870102817,7.868024587234446,0.745089608113578,2020-02-19,2020-03-23,2020-08-12,136.28559411099954,444
WEEKLY_TOP50,weekly,50,naked,0.0,2134,4.995405160636933,0.2080416129090541,0.2351782778512297,0.9259008088689324,1.4850374508021578,0.6060696341422165,-0.3432635479312537,306,226,0.8856607310215557,-0.0514042567851886,0.0455267316419899,0.0675778003783931,0.1949618678545069,-0.0227331503678078,-0.0343105478863114,-0.1307504360922717,-0.1783208828748149,-0.1183614644776264,-0.3072822273353913,7.830960441094053,0.9998111948005912,2020-02-19,2020-03-23,2020-08-05,182.7315723140501,443
WEEKLY_TOP50,weekly,50,naked,5.0,2134,4.559178155448703,0.19514697628378,0.235189894875232,0.8799599868723637,1.4094733580546177,0.5673078546028326,-0.3439877919906482,313,233,0.8940955951265229,-0.0530317293519244,0.0474154356154975,0.069196139921489,0.1968658854996919,-0.0227629235820657,-0.034355822118975,-0.1309989731842893,-0.1785558185559145,-0.1193104162049782,-0.308279076935231,7.850749622974277,0.9998111948005912,2020-02-19,2020-03-23,2020-08-12,182.7315723140501,443
WEEKLY_TOP50,weekly,50,naked,10.0,2134,4.160958732169433,0.1823871185987455,0.2352099543420275,0.8339937672779739,1.334118273944035,0.5291009107697255,-0.3447114054924086,330,250,0.9001874414245549,-0.0551646196813376,0.0496584978481019,0.071154608615786,0.1990773326878737,-0.0227846118536618,-0.0344010963516385,-0.1312475102763074,-0.178790754237014,-0.1202585649173857,-0.3092467605344342,7.869461830199956,0.9998111948005912,2020-02-19,2020-03-23,2020-08-12,182.7315723140501,443
WEEKLY_TOP50,weekly,50,naked,20.0,2134,3.4656131508604773,0.1572662379711444,0.2352753910575876,0.74200498985629,1.1839535061451438,0.4543208861385141,-0.3461567424465642,419,267,0.9137769447047798,-0.0609003689233665,0.0556493530461878,0.0765301015844604,0.2054405021687555,-0.0229191609334305,-0.0344942125512279,-0.1317445844603425,-0.1792606255992124,-0.1221524552971844,-0.3111031222939677,7.903626979979482,0.9998111948005912,2020-02-19,2020-03-23,2020-08-28,182.7315723140501,443
WEEKLY_TOP50,weekly,50,p00_overlay,0.0,2134,4.324813991079192,0.1876519651880352,0.1807920062244302,1.0473142790824002,1.6715499939913765,0.8933813204373618,-0.2100468869174125,414,359,0.8617619493908154,-0.0375846070147191,0.032388984208092,0.0502026014325723,0.1517378496280838,-0.0167454672150152,-0.0275923901629684,-0.0680204370257478,-0.0910664225803666,-0.109514454875006,-0.2414745561820368,6.326676328355909,0.7450896081135778,2022-03-29,2022-06-16,2023-11-20,160.27245089622372,444
WEEKLY_TOP50,weekly,50,p00_overlay,5.0,2134,3.991725573211922,0.1765342567778027,0.1807915915766641,0.9949362336274644,1.585324200685728,0.8266899485735373,-0.2135434900138977,525,373,0.8716026241799437,-0.0403020516279692,0.0351273739587735,0.0528408912364363,0.1552982298358906,-0.0168603328004777,-0.027630247873225,-0.0680204370257481,-0.0912460263612077,-0.1104014305718568,-0.2418889423474367,6.339942142465288,0.7450896081135778,2021-11-08,2022-06-16,2023-12-11,160.2724508962237,444
WEEKLY_TOP50,weekly,50,p00_overlay,10.0,2134,3.684222440658447,0.1655180972390537,0.1808013735160761,0.9425047908258832,1.4993602507782595,0.7555971676131207,-0.2190560054134586,527,375,0.8781630740393627,-0.043774145756763,0.0384408384012061,0.0564570253073428,0.1601936307115462,-0.0171050756406973,-0.0276712095466553,-0.0680204370257478,-0.0914256301420486,-0.1112877513961089,-0.2422581140541161,6.351807398875357,0.7450896081135778,2021-11-08,2022-06-16,2023-12-13,160.27245089622372,444
WEEKLY_TOP50,weekly,50,p00_overlay,20.0,2134,3.138281756821077,0.1437868138610263,0.1808515188135681,0.837517278176384,1.328251471677294,0.625242127042625,-0.2299698111212264,551,399,0.8964386129334583,-0.0507550734093962,0.045498807606455,0.0647565406104146,0.1702228206738112,-0.0171728357017815,-0.0277602425482656,-0.0680204370257478,-0.0917848377037309,-0.113058429700681,-0.2428852974221211,6.371305752022087,0.7450896081135778,2021-11-08,2022-06-16,2024-01-19,160.2724508962237,444
