transfer_id,cost_bps,year,active_log_return,positive
R9__MOM255__TOP10__WEEKLY,0.0,2018,0.04737720190999875,True
R9__MOM255__TOP10__WEEKLY,0.0,2019,0.06575104461079634,True
R9__MOM255__TOP10__WEEKLY,0.0,2020,0.15914712934274422,True
R9__MOM255__TOP10__WEEKLY,0.0,2021,-0.051342824660414926,False
R9__MOM255__TOP10__WEEKLY,5.0,2018,0.04485611115897555,True
R9__MOM255__TOP10__WEEKLY,5.0,2019,0.06371904142408938,True
R9__MOM255__TOP10__WEEKLY,5.0,2020,0.1579016631008962,True
R9__MOM255__TOP10__WEEKLY,5.0,2021,-0.05159303377794833,False
R9__MOM255__TOP10__WEEKLY,10.0,2018,0.04233376210039221,True
R9__MOM255__TOP10__WEEKLY,10.0,2019,0.061685941260869494,True
R9__MOM255__TOP10__WEEKLY,10.0,2020,0.15665551800186017,True
R9__MOM255__TOP10__WEEKLY,10.0,2021,-0.05184353437694386,False
R9__MOM255__TOP10__WEEKLY,20.0,2018,0.037285284852701175,True
R9__MOM255__TOP10__WEEKLY,20.0,2019,0.05761644633512915,True
R9__MOM255__TOP10__WEEKLY,20.0,2020,0.15416118903197967,True
R9__MOM255__TOP10__WEEKLY,20.0,2021,-0.05234541117720681,False
R9__MOM255__TOP10__MONTHLY,0.0,2018,0.05455614510814226,True
R9__MOM255__TOP10__MONTHLY,0.0,2019,0.06520646027493975,True
R9__MOM255__TOP10__MONTHLY,0.0,2020,0.1558526328251764,True
R9__MOM255__TOP10__MONTHLY,0.0,2021,-0.029938304298157775,False
R9__MOM255__TOP10__MONTHLY,5.0,2018,0.05172423064745064,True
R9__MOM255__TOP10__MONTHLY,5.0,2019,0.06268726193518329,True
R9__MOM255__TOP10__MONTHLY,5.0,2020,0.15414902718065351,True
R9__MOM255__TOP10__MONTHLY,5.0,2021,-0.030072355612166285,False
R9__MOM255__TOP10__MONTHLY,10.0,2018,0.048891356439758324,True
R9__MOM255__TOP10__MONTHLY,10.0,2019,0.0601671782040665,True
R9__MOM255__TOP10__MONTHLY,10.0,2020,0.15244515884303572,True
R9__MOM255__TOP10__MONTHLY,10.0,2021,-0.030206462502232634,False
R9__MOM255__TOP10__MONTHLY,20.0,2018,0.043222725544860265,True
R9__MOM255__TOP10__MONTHLY,20.0,2019,0.05512435167829221,True
R9__MOM255__TOP10__MONTHLY,20.0,2020,0.14903663406792872,True
R9__MOM255__TOP10__MONTHLY,20.0,2021,-0.030474843258225998,False
R9__MOM255__TOP20__WEEKLY,0.0,2018,0.050712403689869574,True
R9__MOM255__TOP20__WEEKLY,0.0,2019,0.05630557854869119,True
R9__MOM255__TOP20__WEEKLY,0.0,2020,0.15285387319191748,True
R9__MOM255__TOP20__WEEKLY,0.0,2021,-0.030781474521122676,False
R9__MOM255__TOP20__WEEKLY,5.0,2018,0.04819678833109044,True
R9__MOM255__TOP20__WEEKLY,5.0,2019,0.054387588045574684,True
R9__MOM255__TOP20__WEEKLY,5.0,2020,0.15154335430445742,True
R9__MOM255__TOP20__WEEKLY,5.0,2021,-0.031160037373154037,False
R9__MOM255__TOP20__WEEKLY,10.0,2018,0.04567999914202734,True
R9__MOM255__TOP20__WEEKLY,10.0,2019,0.05246859872265878,True
R9__MOM255__TOP20__WEEKLY,10.0,2020,0.15023218353173756,True
R9__MOM255__TOP20__WEEKLY,10.0,2021,-0.031538936565998904,False
R9__MOM255__TOP20__WEEKLY,20.0,2018,0.04064289554106281,True
R9__MOM255__TOP20__WEEKLY,20.0,2019,0.04862762047466191,True
R9__MOM255__TOP20__WEEKLY,20.0,2020,0.14760788429406183,True
R9__MOM255__TOP20__WEEKLY,20.0,2021,-0.032297745214189266,False
R9__MOM255__TOP20__MONTHLY,0.0,2018,0.04506742827337108,True
R9__MOM255__TOP20__MONTHLY,0.0,2019,0.059558308218493186,True
R9__MOM255__TOP20__MONTHLY,0.0,2020,0.12787553116427308,True
R9__MOM255__TOP20__MONTHLY,0.0,2021,-0.0010725934186864017,False
R9__MOM255__TOP20__MONTHLY,5.0,2018,0.04223135080764795,True
R9__MOM255__TOP20__MONTHLY,5.0,2019,0.05698576130251519,True
R9__MOM255__TOP20__MONTHLY,5.0,2020,0.12608059432655383,True
R9__MOM255__TOP20__MONTHLY,5.0,2021,-0.0013803515469343886,False
R9__MOM255__TOP20__MONTHLY,10.0,2018,0.039394376797674026,True
R9__MOM255__TOP20__MONTHLY,10.0,2019,0.054412241830874446,True
R9__MOM255__TOP20__MONTHLY,10.0,2020,0.12428530715082298,True
R9__MOM255__TOP20__MONTHLY,10.0,2021,-0.0016883384643557597,False
R9__MOM255__TOP20__MONTHLY,20.0,2018,0.03371773652517465,True
R9__MOM255__TOP20__MONTHLY,20.0,2019,0.04926228165468359,True
R9__MOM255__TOP20__MONTHLY,20.0,2020,0.12069368133014906,True
R9__MOM255__TOP20__MONTHLY,20.0,2021,-0.0023049998269263627,False
R9__MOM255__TOP50__WEEKLY,0.0,2018,0.045269399676484384,True
R9__MOM255__TOP50__WEEKLY,0.0,2019,0.0487058142853985,True
R9__MOM255__TOP50__WEEKLY,0.0,2020,0.1335809625981072,True
R9__MOM255__TOP50__WEEKLY,0.0,2021,-0.01955215272891761,False
R9__MOM255__TOP50__WEEKLY,5.0,2018,0.042659736993822854,True
R9__MOM255__TOP50__WEEKLY,5.0,2019,0.046624266534288784,True
R9__MOM255__TOP50__WEEKLY,5.0,2020,0.13209498498739772,True
R9__MOM255__TOP50__WEEKLY,5.0,2021,-0.019890091901163004,False
R9__MOM255__TOP50__WEEKLY,10.0,2018,0.040048898723304055,True
R9__MOM255__TOP50__WEEKLY,10.0,2019,0.04454169408074661,True
R9__MOM255__TOP50__WEEKLY,10.0,2020,0.1306083854983912,True
R9__MOM255__TOP50__WEEKLY,10.0,2021,-0.020228289226575824,False
R9__MOM255__TOP50__WEEKLY,20.0,2018,0.03482369192954795,True
R9__MOM255__TOP50__WEEKLY,20.0,2019,0.04037347200637035,True
R9__MOM255__TOP50__WEEKLY,20.0,2020,0.12763331920911036,True
R9__MOM255__TOP50__WEEKLY,20.0,2021,-0.0209054591835241,False
R9__MOM255__TOP50__MONTHLY,0.0,2018,0.04103939163048553,True
R9__MOM255__TOP50__MONTHLY,0.0,2019,0.04675598319747734,True
R9__MOM255__TOP50__MONTHLY,0.0,2020,0.11691909112808663,True
R9__MOM255__TOP50__MONTHLY,0.0,2021,-0.015692029777258892,False
R9__MOM255__TOP50__MONTHLY,5.0,2018,0.038139127191732465,True
R9__MOM255__TOP50__MONTHLY,5.0,2019,0.04422342296412906,True
R9__MOM255__TOP50__MONTHLY,5.0,2020,0.1149925532517479,True
R9__MOM255__TOP50__MONTHLY,5.0,2021,-0.01598491889275311,False
R9__MOM255__TOP50__MONTHLY,10.0,2018,0.03523795218977341,True
R9__MOM255__TOP50__MONTHLY,10.0,2019,0.04168999285011318,True
R9__MOM255__TOP50__MONTHLY,10.0,2020,0.11306554956743181,True
R9__MOM255__TOP50__MONTHLY,10.0,2021,-0.01627801140475385,False
R9__MOM255__TOP50__MONTHLY,20.0,2018,0.02943286799001983,True
R9__MOM255__TOP50__MONTHLY,20.0,2019,0.03662052025794045,True
R9__MOM255__TOP50__MONTHLY,20.0,2020,0.10921014384356889,True
R9__MOM255__TOP50__MONTHLY,20.0,2021,-0.016864807692234335,False
