image_path,category,group_id,run_id,run_tree_sha256,run_tree_members,source_manifest_sha256,source_selector,source_files,source_sha256,dataset_version,image_bytes,image_sha256
G11/atlas-long-only-monthly.png,atlas,G00;G11,g00-frozen-v3-v1;g11-frozen-v3-v1,e29e45034b1363fccf802752e2c46bdb3691e7dbe306ac7a06e514b48c81644f,G00:32832d1ac0dea2822539803962eab86f426288d0c59e16dbb5a55d7187c1ae20;G11:22eac8960c2c4a8516f2b0cdf12fea653ff7e81e981f59635ea10a1a23981cb5,G00:8b875d4bcbb7b178b309c7b1edaa7dce9bbb15090e68b619fb045cec35411c66;G11:0f194b071d4c11af0e85de8acc61343f03f4ac341496909eee4507bc1be7eb1a,is_primary_scenario=true;valid_scenario=true;monthly=5bps;weekly=10bps;LO_borrow=0%;LS_borrow=1%;portfolio_mode=long_only;frequency=monthly;signal=all;top_n=all,G00/artifacts/nav.parquet;G00/artifacts/rebalances.parquet;G00/summary.csv;G11/artifacts/nav.parquet;G11/artifacts/rebalances.parquet;G11/summary.csv;benchmark_daily.parquet;risk_free_daily.parquet,caca50ccbc812d31ec57b005c30bda9b5e972a8b39897ddca1cd5ef56896a4a7,sp500-pit-free-research-2013warmup-2018eval-2026-v3-final-candidate,843318,0a4475bf7a489f824e57330dafc4a9f81a998098510b889264694054e1707220
G11/atlas-long-only-weekly.png,atlas,G00;G11,g00-frozen-v3-v1;g11-frozen-v3-v1,e29e45034b1363fccf802752e2c46bdb3691e7dbe306ac7a06e514b48c81644f,G00:32832d1ac0dea2822539803962eab86f426288d0c59e16dbb5a55d7187c1ae20;G11:22eac8960c2c4a8516f2b0cdf12fea653ff7e81e981f59635ea10a1a23981cb5,G00:8b875d4bcbb7b178b309c7b1edaa7dce9bbb15090e68b619fb045cec35411c66;G11:0f194b071d4c11af0e85de8acc61343f03f4ac341496909eee4507bc1be7eb1a,is_primary_scenario=true;valid_scenario=true;monthly=5bps;weekly=10bps;LO_borrow=0%;LS_borrow=1%;portfolio_mode=long_only;frequency=weekly;signal=all;top_n=all,G00/artifacts/nav.parquet;G00/artifacts/rebalances.parquet;G00/summary.csv;G11/artifacts/nav.parquet;G11/artifacts/rebalances.parquet;G11/summary.csv;benchmark_daily.parquet;risk_free_daily.parquet,caca50ccbc812d31ec57b005c30bda9b5e972a8b39897ddca1cd5ef56896a4a7,sp500-pit-free-research-2013warmup-2018eval-2026-v3-final-candidate,850546,dc015858d8dcc1c25b16582fba7df375752c1f47a3c884bc59b2c689ca50dbf9
G11/atlas-long-short-monthly.png,atlas,G00;G11,g00-frozen-v3-v1;g11-frozen-v3-v1,e29e45034b1363fccf802752e2c46bdb3691e7dbe306ac7a06e514b48c81644f,G00:32832d1ac0dea2822539803962eab86f426288d0c59e16dbb5a55d7187c1ae20;G11:22eac8960c2c4a8516f2b0cdf12fea653ff7e81e981f59635ea10a1a23981cb5,G00:8b875d4bcbb7b178b309c7b1edaa7dce9bbb15090e68b619fb045cec35411c66;G11:0f194b071d4c11af0e85de8acc61343f03f4ac341496909eee4507bc1be7eb1a,is_primary_scenario=true;valid_scenario=true;monthly=5bps;weekly=10bps;LO_borrow=0%;LS_borrow=1%;portfolio_mode=long_short;frequency=monthly;signal=all;top_n=all,G00/artifacts/nav.parquet;G00/artifacts/rebalances.parquet;G00/summary.csv;G11/artifacts/nav.parquet;G11/artifacts/rebalances.parquet;G11/summary.csv;benchmark_daily.parquet;risk_free_daily.parquet,caca50ccbc812d31ec57b005c30bda9b5e972a8b39897ddca1cd5ef56896a4a7,sp500-pit-free-research-2013warmup-2018eval-2026-v3-final-candidate,739381,881e33e57ac2a7212c62300d21275305c7733429caf661b628f04bb7332e30c9
G11/atlas-long-short-weekly.png,atlas,G00;G11,g00-frozen-v3-v1;g11-frozen-v3-v1,e29e45034b1363fccf802752e2c46bdb3691e7dbe306ac7a06e514b48c81644f,G00:32832d1ac0dea2822539803962eab86f426288d0c59e16dbb5a55d7187c1ae20;G11:22eac8960c2c4a8516f2b0cdf12fea653ff7e81e981f59635ea10a1a23981cb5,G00:8b875d4bcbb7b178b309c7b1edaa7dce9bbb15090e68b619fb045cec35411c66;G11:0f194b071d4c11af0e85de8acc61343f03f4ac341496909eee4507bc1be7eb1a,is_primary_scenario=true;valid_scenario=true;monthly=5bps;weekly=10bps;LO_borrow=0%;LS_borrow=1%;portfolio_mode=long_short;frequency=weekly;signal=all;top_n=all,G00/artifacts/nav.parquet;G00/artifacts/rebalances.parquet;G00/summary.csv;G11/artifacts/nav.parquet;G11/artifacts/rebalances.parquet;G11/summary.csv;benchmark_daily.parquet;risk_free_daily.parquet,caca50ccbc812d31ec57b005c30bda9b5e972a8b39897ddca1cd5ef56896a4a7,sp500-pit-free-research-2013warmup-2018eval-2026-v3-final-candidate,762547,624342f0b7f7fb59e65f06fc9b61626c76edb21af5e43c03795ece9f2597be8c
G11/representative-long-only.png,representative,G00;G11,g00-frozen-v3-v1;g11-frozen-v3-v1,e29e45034b1363fccf802752e2c46bdb3691e7dbe306ac7a06e514b48c81644f,G00:32832d1ac0dea2822539803962eab86f426288d0c59e16dbb5a55d7187c1ae20;G11:22eac8960c2c4a8516f2b0cdf12fea653ff7e81e981f59635ea10a1a23981cb5,G00:8b875d4bcbb7b178b309c7b1edaa7dce9bbb15090e68b619fb045cec35411c66;G11:0f194b071d4c11af0e85de8acc61343f03f4ac341496909eee4507bc1be7eb1a,"is_primary_scenario=true;valid_scenario=true;monthly=5bps;weekly=10bps;LO_borrow=0%;LS_borrow=1%;portfolio_mode=long_only;signal=mom_255_0;top_n=20;frequency=monthly,weekly",G00/artifacts/nav.parquet;G00/artifacts/rebalances.parquet;G00/summary.csv;G11/artifacts/nav.parquet;G11/artifacts/rebalances.parquet;G11/summary.csv;benchmark_daily.parquet;risk_free_daily.parquet,caca50ccbc812d31ec57b005c30bda9b5e972a8b39897ddca1cd5ef56896a4a7,sp500-pit-free-research-2013warmup-2018eval-2026-v3-final-candidate,726619,6730e5b1b5e9d879b3cb9b40072d11608b0a088dd12decef43e5d7c5da87f7aa
G11/representative-long-short.png,representative,G00;G11,g00-frozen-v3-v1;g11-frozen-v3-v1,e29e45034b1363fccf802752e2c46bdb3691e7dbe306ac7a06e514b48c81644f,G00:32832d1ac0dea2822539803962eab86f426288d0c59e16dbb5a55d7187c1ae20;G11:22eac8960c2c4a8516f2b0cdf12fea653ff7e81e981f59635ea10a1a23981cb5,G00:8b875d4bcbb7b178b309c7b1edaa7dce9bbb15090e68b619fb045cec35411c66;G11:0f194b071d4c11af0e85de8acc61343f03f4ac341496909eee4507bc1be7eb1a,"is_primary_scenario=true;valid_scenario=true;monthly=5bps;weekly=10bps;LO_borrow=0%;LS_borrow=1%;portfolio_mode=long_short;signal=mom_255_0;top_n=20;frequency=monthly,weekly",G00/artifacts/nav.parquet;G00/artifacts/rebalances.parquet;G00/summary.csv;G11/artifacts/nav.parquet;G11/artifacts/rebalances.parquet;G11/summary.csv;benchmark_daily.parquet;risk_free_daily.parquet,caca50ccbc812d31ec57b005c30bda9b5e972a8b39897ddca1cd5ef56896a4a7,sp500-pit-free-research-2013warmup-2018eval-2026-v3-final-candidate,795146,89b7e6c7d9e407fe9ae35206e4a48caae484f8cc59fd071959e5ed8c7b4bea22
G12/atlas-long-only-monthly.png,atlas,G00;G12,g00-frozen-v3-v1;g12-frozen-v3-v2,ee971696a27c532a5af71cfcece9f206bf36ceb73e6abb0cb2784493c7b1c5c3,G00:32832d1ac0dea2822539803962eab86f426288d0c59e16dbb5a55d7187c1ae20;G12:a3d5708d143d79c3ab51d0472c05f3f16398364e98a796d679630b7e07867dce,G00:8b875d4bcbb7b178b309c7b1edaa7dce9bbb15090e68b619fb045cec35411c66;G12:db80b885245427ba2684dddcd267ddecb029f2daeeaa6b68fd746e5dd8ccf5e1,is_primary_scenario=true;valid_scenario=true;monthly=5bps;weekly=10bps;LO_borrow=0%;LS_borrow=1%;portfolio_mode=long_only;frequency=monthly;signal=all;top_n=all,G00/artifacts/nav.parquet;G00/artifacts/rebalances.parquet;G00/summary.csv;G12/artifacts/nav.parquet;G12/artifacts/rebalances.parquet;G12/summary.csv;benchmark_daily.parquet;risk_free_daily.parquet,8624a1ba574909a903a3671b2d60901130c7d54123791845cfca0469adb5a191,sp500-pit-free-research-2013warmup-2018eval-2026-v3-final-candidate,882050,9f63e857868d999b39e1eded4e8cdb740793746289e04642e85f54d4c8553928
G12/atlas-long-only-weekly.png,atlas,G00;G12,g00-frozen-v3-v1;g12-frozen-v3-v2,ee971696a27c532a5af71cfcece9f206bf36ceb73e6abb0cb2784493c7b1c5c3,G00:32832d1ac0dea2822539803962eab86f426288d0c59e16dbb5a55d7187c1ae20;G12:a3d5708d143d79c3ab51d0472c05f3f16398364e98a796d679630b7e07867dce,G00:8b875d4bcbb7b178b309c7b1edaa7dce9bbb15090e68b619fb045cec35411c66;G12:db80b885245427ba2684dddcd267ddecb029f2daeeaa6b68fd746e5dd8ccf5e1,is_primary_scenario=true;valid_scenario=true;monthly=5bps;weekly=10bps;LO_borrow=0%;LS_borrow=1%;portfolio_mode=long_only;frequency=weekly;signal=all;top_n=all,G00/artifacts/nav.parquet;G00/artifacts/rebalances.parquet;G00/summary.csv;G12/artifacts/nav.parquet;G12/artifacts/rebalances.parquet;G12/summary.csv;benchmark_daily.parquet;risk_free_daily.parquet,8624a1ba574909a903a3671b2d60901130c7d54123791845cfca0469adb5a191,sp500-pit-free-research-2013warmup-2018eval-2026-v3-final-candidate,892213,c951552369fe88961227c6dc0d9d5999634f9a2979a7801811947ea980a607f3
G12/atlas-long-short-monthly.png,atlas,G00;G12,g00-frozen-v3-v1;g12-frozen-v3-v2,ee971696a27c532a5af71cfcece9f206bf36ceb73e6abb0cb2784493c7b1c5c3,G00:32832d1ac0dea2822539803962eab86f426288d0c59e16dbb5a55d7187c1ae20;G12:a3d5708d143d79c3ab51d0472c05f3f16398364e98a796d679630b7e07867dce,G00:8b875d4bcbb7b178b309c7b1edaa7dce9bbb15090e68b619fb045cec35411c66;G12:db80b885245427ba2684dddcd267ddecb029f2daeeaa6b68fd746e5dd8ccf5e1,is_primary_scenario=true;valid_scenario=true;monthly=5bps;weekly=10bps;LO_borrow=0%;LS_borrow=1%;portfolio_mode=long_short;frequency=monthly;signal=all;top_n=all,G00/artifacts/nav.parquet;G00/artifacts/rebalances.parquet;G00/summary.csv;G12/artifacts/nav.parquet;G12/artifacts/rebalances.parquet;G12/summary.csv;benchmark_daily.parquet;risk_free_daily.parquet,8624a1ba574909a903a3671b2d60901130c7d54123791845cfca0469adb5a191,sp500-pit-free-research-2013warmup-2018eval-2026-v3-final-candidate,740339,6aad39182c4305ff275e736692f110ff96d7e1970cd175e04c90dc4bf73de7d3
G12/atlas-long-short-weekly.png,atlas,G00;G12,g00-frozen-v3-v1;g12-frozen-v3-v2,ee971696a27c532a5af71cfcece9f206bf36ceb73e6abb0cb2784493c7b1c5c3,G00:32832d1ac0dea2822539803962eab86f426288d0c59e16dbb5a55d7187c1ae20;G12:a3d5708d143d79c3ab51d0472c05f3f16398364e98a796d679630b7e07867dce,G00:8b875d4bcbb7b178b309c7b1edaa7dce9bbb15090e68b619fb045cec35411c66;G12:db80b885245427ba2684dddcd267ddecb029f2daeeaa6b68fd746e5dd8ccf5e1,is_primary_scenario=true;valid_scenario=true;monthly=5bps;weekly=10bps;LO_borrow=0%;LS_borrow=1%;portfolio_mode=long_short;frequency=weekly;signal=all;top_n=all,G00/artifacts/nav.parquet;G00/artifacts/rebalances.parquet;G00/summary.csv;G12/artifacts/nav.parquet;G12/artifacts/rebalances.parquet;G12/summary.csv;benchmark_daily.parquet;risk_free_daily.parquet,8624a1ba574909a903a3671b2d60901130c7d54123791845cfca0469adb5a191,sp500-pit-free-research-2013warmup-2018eval-2026-v3-final-candidate,740110,ea4c351cc5a3486b373cb22d6acad0e5f6929a565b2bf2395bc09992704ce0ba
G12/representative-long-only.png,representative,G00;G12,g00-frozen-v3-v1;g12-frozen-v3-v2,ee971696a27c532a5af71cfcece9f206bf36ceb73e6abb0cb2784493c7b1c5c3,G00:32832d1ac0dea2822539803962eab86f426288d0c59e16dbb5a55d7187c1ae20;G12:a3d5708d143d79c3ab51d0472c05f3f16398364e98a796d679630b7e07867dce,G00:8b875d4bcbb7b178b309c7b1edaa7dce9bbb15090e68b619fb045cec35411c66;G12:db80b885245427ba2684dddcd267ddecb029f2daeeaa6b68fd746e5dd8ccf5e1,"is_primary_scenario=true;valid_scenario=true;monthly=5bps;weekly=10bps;LO_borrow=0%;LS_borrow=1%;portfolio_mode=long_only;signal=mom_255_0;top_n=20;frequency=monthly,weekly",G00/artifacts/nav.parquet;G00/artifacts/rebalances.parquet;G00/summary.csv;G12/artifacts/nav.parquet;G12/artifacts/rebalances.parquet;G12/summary.csv;benchmark_daily.parquet;risk_free_daily.parquet,8624a1ba574909a903a3671b2d60901130c7d54123791845cfca0469adb5a191,sp500-pit-free-research-2013warmup-2018eval-2026-v3-final-candidate,750979,493c2407c96d7bcf8a4902aa52f60fed1cc7ea1f6a3ac9a53f3d941185b598be
G12/representative-long-short.png,representative,G00;G12,g00-frozen-v3-v1;g12-frozen-v3-v2,ee971696a27c532a5af71cfcece9f206bf36ceb73e6abb0cb2784493c7b1c5c3,G00:32832d1ac0dea2822539803962eab86f426288d0c59e16dbb5a55d7187c1ae20;G12:a3d5708d143d79c3ab51d0472c05f3f16398364e98a796d679630b7e07867dce,G00:8b875d4bcbb7b178b309c7b1edaa7dce9bbb15090e68b619fb045cec35411c66;G12:db80b885245427ba2684dddcd267ddecb029f2daeeaa6b68fd746e5dd8ccf5e1,"is_primary_scenario=true;valid_scenario=true;monthly=5bps;weekly=10bps;LO_borrow=0%;LS_borrow=1%;portfolio_mode=long_short;signal=mom_255_0;top_n=20;frequency=monthly,weekly",G00/artifacts/nav.parquet;G00/artifacts/rebalances.parquet;G00/summary.csv;G12/artifacts/nav.parquet;G12/artifacts/rebalances.parquet;G12/summary.csv;benchmark_daily.parquet;risk_free_daily.parquet,8624a1ba574909a903a3671b2d60901130c7d54123791845cfca0469adb5a191,sp500-pit-free-research-2013warmup-2018eval-2026-v3-final-candidate,735738,41d9d26a0236bb72756ab11d411526ccb957a56e1706eb5335c65c64f5b58a00
G13/atlas-long-only-monthly.png,atlas,G00;G13,g00-frozen-v3-v1;g13-frozen-v3-v2,9afe667d3300a7f75050eb79f3f7f3b3124913f55b53eda331c2bc994bdd2605,G00:32832d1ac0dea2822539803962eab86f426288d0c59e16dbb5a55d7187c1ae20;G13:5b4ec84726ad8acab886758664e21b51440eb43f223da85eb266341db4d5203d,G00:8b875d4bcbb7b178b309c7b1edaa7dce9bbb15090e68b619fb045cec35411c66;G13:d0adf3b7861693b51912426ba4ebb87b02be342f7c62959449abeaeb85d808c7,is_primary_scenario=true;valid_scenario=true;monthly=5bps;weekly=10bps;LO_borrow=0%;LS_borrow=1%;portfolio_mode=long_only;frequency=monthly;signal=all;top_n=all,G00/artifacts/nav.parquet;G00/artifacts/rebalances.parquet;G00/summary.csv;G13/artifacts/nav.parquet;G13/artifacts/rebalances.parquet;G13/summary.csv;benchmark_daily.parquet;risk_free_daily.parquet,4475d806a93d8184ef94e0c910014220062c3b97fb48bd11f1790e1f8750587a,sp500-pit-free-research-2013warmup-2018eval-2026-v3-final-candidate,864643,c7b83fff50288767cba6a6ef4a268fe59c9d5cbdc86b89e83a4edab1e34b9981
G13/atlas-long-only-weekly.png,atlas,G00;G13,g00-frozen-v3-v1;g13-frozen-v3-v2,9afe667d3300a7f75050eb79f3f7f3b3124913f55b53eda331c2bc994bdd2605,G00:32832d1ac0dea2822539803962eab86f426288d0c59e16dbb5a55d7187c1ae20;G13:5b4ec84726ad8acab886758664e21b51440eb43f223da85eb266341db4d5203d,G00:8b875d4bcbb7b178b309c7b1edaa7dce9bbb15090e68b619fb045cec35411c66;G13:d0adf3b7861693b51912426ba4ebb87b02be342f7c62959449abeaeb85d808c7,is_primary_scenario=true;valid_scenario=true;monthly=5bps;weekly=10bps;LO_borrow=0%;LS_borrow=1%;portfolio_mode=long_only;frequency=weekly;signal=all;top_n=all,G00/artifacts/nav.parquet;G00/artifacts/rebalances.parquet;G00/summary.csv;G13/artifacts/nav.parquet;G13/artifacts/rebalances.parquet;G13/summary.csv;benchmark_daily.parquet;risk_free_daily.parquet,4475d806a93d8184ef94e0c910014220062c3b97fb48bd11f1790e1f8750587a,sp500-pit-free-research-2013warmup-2018eval-2026-v3-final-candidate,881302,291fc39724bb88549fdc132b4edc08e0db48b499cb728baabd6753164497c4e2
G13/atlas-long-short-monthly.png,atlas,G00;G13,g00-frozen-v3-v1;g13-frozen-v3-v2,9afe667d3300a7f75050eb79f3f7f3b3124913f55b53eda331c2bc994bdd2605,G00:32832d1ac0dea2822539803962eab86f426288d0c59e16dbb5a55d7187c1ae20;G13:5b4ec84726ad8acab886758664e21b51440eb43f223da85eb266341db4d5203d,G00:8b875d4bcbb7b178b309c7b1edaa7dce9bbb15090e68b619fb045cec35411c66;G13:d0adf3b7861693b51912426ba4ebb87b02be342f7c62959449abeaeb85d808c7,is_primary_scenario=true;valid_scenario=true;monthly=5bps;weekly=10bps;LO_borrow=0%;LS_borrow=1%;portfolio_mode=long_short;frequency=monthly;signal=all;top_n=all,G00/artifacts/nav.parquet;G00/artifacts/rebalances.parquet;G00/summary.csv;G13/artifacts/nav.parquet;G13/artifacts/rebalances.parquet;G13/summary.csv;benchmark_daily.parquet;risk_free_daily.parquet,4475d806a93d8184ef94e0c910014220062c3b97fb48bd11f1790e1f8750587a,sp500-pit-free-research-2013warmup-2018eval-2026-v3-final-candidate,751580,bcd293be2be2d924cd7ad47fc7cd0f98ee12ee33ca8ef6f3e8720498b7672ddd
G13/atlas-long-short-weekly.png,atlas,G00;G13,g00-frozen-v3-v1;g13-frozen-v3-v2,9afe667d3300a7f75050eb79f3f7f3b3124913f55b53eda331c2bc994bdd2605,G00:32832d1ac0dea2822539803962eab86f426288d0c59e16dbb5a55d7187c1ae20;G13:5b4ec84726ad8acab886758664e21b51440eb43f223da85eb266341db4d5203d,G00:8b875d4bcbb7b178b309c7b1edaa7dce9bbb15090e68b619fb045cec35411c66;G13:d0adf3b7861693b51912426ba4ebb87b02be342f7c62959449abeaeb85d808c7,is_primary_scenario=true;valid_scenario=true;monthly=5bps;weekly=10bps;LO_borrow=0%;LS_borrow=1%;portfolio_mode=long_short;frequency=weekly;signal=all;top_n=all,G00/artifacts/nav.parquet;G00/artifacts/rebalances.parquet;G00/summary.csv;G13/artifacts/nav.parquet;G13/artifacts/rebalances.parquet;G13/summary.csv;benchmark_daily.parquet;risk_free_daily.parquet,4475d806a93d8184ef94e0c910014220062c3b97fb48bd11f1790e1f8750587a,sp500-pit-free-research-2013warmup-2018eval-2026-v3-final-candidate,776429,75d9f37dfb33546daa5027a7d0f0885352b3ff441ae617676388f131294866b5
G13/representative-long-only.png,representative,G00;G13,g00-frozen-v3-v1;g13-frozen-v3-v2,9afe667d3300a7f75050eb79f3f7f3b3124913f55b53eda331c2bc994bdd2605,G00:32832d1ac0dea2822539803962eab86f426288d0c59e16dbb5a55d7187c1ae20;G13:5b4ec84726ad8acab886758664e21b51440eb43f223da85eb266341db4d5203d,G00:8b875d4bcbb7b178b309c7b1edaa7dce9bbb15090e68b619fb045cec35411c66;G13:d0adf3b7861693b51912426ba4ebb87b02be342f7c62959449abeaeb85d808c7,"is_primary_scenario=true;valid_scenario=true;monthly=5bps;weekly=10bps;LO_borrow=0%;LS_borrow=1%;portfolio_mode=long_only;signal=mom_255_0;top_n=20;frequency=monthly,weekly",G00/artifacts/nav.parquet;G00/artifacts/rebalances.parquet;G00/summary.csv;G13/artifacts/nav.parquet;G13/artifacts/rebalances.parquet;G13/summary.csv;benchmark_daily.parquet;risk_free_daily.parquet,4475d806a93d8184ef94e0c910014220062c3b97fb48bd11f1790e1f8750587a,sp500-pit-free-research-2013warmup-2018eval-2026-v3-final-candidate,781577,3520f98f6ec94ba847c6120354c8188b7c16fd1c4cd4471cec747179ad60a648
G13/representative-long-short.png,representative,G00;G13,g00-frozen-v3-v1;g13-frozen-v3-v2,9afe667d3300a7f75050eb79f3f7f3b3124913f55b53eda331c2bc994bdd2605,G00:32832d1ac0dea2822539803962eab86f426288d0c59e16dbb5a55d7187c1ae20;G13:5b4ec84726ad8acab886758664e21b51440eb43f223da85eb266341db4d5203d,G00:8b875d4bcbb7b178b309c7b1edaa7dce9bbb15090e68b619fb045cec35411c66;G13:d0adf3b7861693b51912426ba4ebb87b02be342f7c62959449abeaeb85d808c7,"is_primary_scenario=true;valid_scenario=true;monthly=5bps;weekly=10bps;LO_borrow=0%;LS_borrow=1%;portfolio_mode=long_short;signal=mom_255_0;top_n=20;frequency=monthly,weekly",G00/artifacts/nav.parquet;G00/artifacts/rebalances.parquet;G00/summary.csv;G13/artifacts/nav.parquet;G13/artifacts/rebalances.parquet;G13/summary.csv;benchmark_daily.parquet;risk_free_daily.parquet,4475d806a93d8184ef94e0c910014220062c3b97fb48bd11f1790e1f8750587a,sp500-pit-free-research-2013warmup-2018eval-2026-v3-final-candidate,778549,162bc72229e1b07f982ee03db1662422c8e751c303ce20a21dad239129b8fd06
G21/atlas-long-only-monthly.png,atlas,G00;G21,g00-frozen-v3-v1;g21-frozen-v3-v1,21f6cd2a0b010859dad22f7f08c6ec2611b6fe2044a30ad269a2966d76cd6e1b,G00:32832d1ac0dea2822539803962eab86f426288d0c59e16dbb5a55d7187c1ae20;G21:3ff869c41823fc15f2feb4c057f43400aceca0f70978f4cd3b47135db7d6d8b9,G00:8b875d4bcbb7b178b309c7b1edaa7dce9bbb15090e68b619fb045cec35411c66;G21:feec048b5374d17998cb43ef0c190e57f8f19c97b3ec199a871b9614c93c270c,is_primary_scenario=true;valid_scenario=true;monthly=5bps;weekly=10bps;LO_borrow=0%;LS_borrow=1%;portfolio_mode=long_only;frequency=monthly;signal=all;top_n=all,G00/artifacts/nav.parquet;G00/artifacts/rebalances.parquet;G00/summary.csv;G21/artifacts/nav.parquet;G21/artifacts/rebalances.parquet;G21/summary.csv;benchmark_daily.parquet;risk_free_daily.parquet,840ff794d5182e2d66bda820551140857400e085ea36ffb0a5479fb658f44fca,sp500-pit-free-research-2013warmup-2018eval-2026-v3-final-candidate,977184,85f770cfe7c174c2df5a0e3934d4ea806f239fad9a97edb15cd1bb3eb87c64b1
G21/atlas-long-only-weekly.png,atlas,G00;G21,g00-frozen-v3-v1;g21-frozen-v3-v1,21f6cd2a0b010859dad22f7f08c6ec2611b6fe2044a30ad269a2966d76cd6e1b,G00:32832d1ac0dea2822539803962eab86f426288d0c59e16dbb5a55d7187c1ae20;G21:3ff869c41823fc15f2feb4c057f43400aceca0f70978f4cd3b47135db7d6d8b9,G00:8b875d4bcbb7b178b309c7b1edaa7dce9bbb15090e68b619fb045cec35411c66;G21:feec048b5374d17998cb43ef0c190e57f8f19c97b3ec199a871b9614c93c270c,is_primary_scenario=true;valid_scenario=true;monthly=5bps;weekly=10bps;LO_borrow=0%;LS_borrow=1%;portfolio_mode=long_only;frequency=weekly;signal=all;top_n=all,G00/artifacts/nav.parquet;G00/artifacts/rebalances.parquet;G00/summary.csv;G21/artifacts/nav.parquet;G21/artifacts/rebalances.parquet;G21/summary.csv;benchmark_daily.parquet;risk_free_daily.parquet,840ff794d5182e2d66bda820551140857400e085ea36ffb0a5479fb658f44fca,sp500-pit-free-research-2013warmup-2018eval-2026-v3-final-candidate,951942,a87248ff315d00602da6ee21d481cbfc3422b72849ece542ed162fbc84e7bfa3
G21/atlas-long-short-monthly.png,atlas,G00;G21,g00-frozen-v3-v1;g21-frozen-v3-v1,21f6cd2a0b010859dad22f7f08c6ec2611b6fe2044a30ad269a2966d76cd6e1b,G00:32832d1ac0dea2822539803962eab86f426288d0c59e16dbb5a55d7187c1ae20;G21:3ff869c41823fc15f2feb4c057f43400aceca0f70978f4cd3b47135db7d6d8b9,G00:8b875d4bcbb7b178b309c7b1edaa7dce9bbb15090e68b619fb045cec35411c66;G21:feec048b5374d17998cb43ef0c190e57f8f19c97b3ec199a871b9614c93c270c,is_primary_scenario=true;valid_scenario=true;monthly=5bps;weekly=10bps;LO_borrow=0%;LS_borrow=1%;portfolio_mode=long_short;frequency=monthly;signal=all;top_n=all,G00/artifacts/nav.parquet;G00/artifacts/rebalances.parquet;G00/summary.csv;G21/artifacts/nav.parquet;G21/artifacts/rebalances.parquet;G21/summary.csv;benchmark_daily.parquet;risk_free_daily.parquet,840ff794d5182e2d66bda820551140857400e085ea36ffb0a5479fb658f44fca,sp500-pit-free-research-2013warmup-2018eval-2026-v3-final-candidate,977426,516b6a22dce99b06c6c4836b11bf6d83b93939d9b527af75e141a650c95a6d9c
G21/atlas-long-short-weekly.png,atlas,G00;G21,g00-frozen-v3-v1;g21-frozen-v3-v1,21f6cd2a0b010859dad22f7f08c6ec2611b6fe2044a30ad269a2966d76cd6e1b,G00:32832d1ac0dea2822539803962eab86f426288d0c59e16dbb5a55d7187c1ae20;G21:3ff869c41823fc15f2feb4c057f43400aceca0f70978f4cd3b47135db7d6d8b9,G00:8b875d4bcbb7b178b309c7b1edaa7dce9bbb15090e68b619fb045cec35411c66;G21:feec048b5374d17998cb43ef0c190e57f8f19c97b3ec199a871b9614c93c270c,is_primary_scenario=true;valid_scenario=true;monthly=5bps;weekly=10bps;LO_borrow=0%;LS_borrow=1%;portfolio_mode=long_short;frequency=weekly;signal=all;top_n=all,G00/artifacts/nav.parquet;G00/artifacts/rebalances.parquet;G00/summary.csv;G21/artifacts/nav.parquet;G21/artifacts/rebalances.parquet;G21/summary.csv;benchmark_daily.parquet;risk_free_daily.parquet,840ff794d5182e2d66bda820551140857400e085ea36ffb0a5479fb658f44fca,sp500-pit-free-research-2013warmup-2018eval-2026-v3-final-candidate,935289,73a071e44931ceb9da31289ffeffaf73ef6027469be433fd7c9ea3ae379b43a4
G21/representative-long-only.png,representative,G00;G21,g00-frozen-v3-v1;g21-frozen-v3-v1,21f6cd2a0b010859dad22f7f08c6ec2611b6fe2044a30ad269a2966d76cd6e1b,G00:32832d1ac0dea2822539803962eab86f426288d0c59e16dbb5a55d7187c1ae20;G21:3ff869c41823fc15f2feb4c057f43400aceca0f70978f4cd3b47135db7d6d8b9,G00:8b875d4bcbb7b178b309c7b1edaa7dce9bbb15090e68b619fb045cec35411c66;G21:feec048b5374d17998cb43ef0c190e57f8f19c97b3ec199a871b9614c93c270c,"is_primary_scenario=true;valid_scenario=true;monthly=5bps;weekly=10bps;LO_borrow=0%;LS_borrow=1%;portfolio_mode=long_only;signal=mom_255_0;top_n=20;frequency=monthly,weekly",G00/artifacts/nav.parquet;G00/artifacts/rebalances.parquet;G00/summary.csv;G21/artifacts/nav.parquet;G21/artifacts/rebalances.parquet;G21/summary.csv;benchmark_daily.parquet;risk_free_daily.parquet,840ff794d5182e2d66bda820551140857400e085ea36ffb0a5479fb658f44fca,sp500-pit-free-research-2013warmup-2018eval-2026-v3-final-candidate,683547,b78291690bf55356ea24ca2e334d340f4d3b2e985ac2e3f10b7443d01515bb28
G21/representative-long-short.png,representative,G00;G21,g00-frozen-v3-v1;g21-frozen-v3-v1,21f6cd2a0b010859dad22f7f08c6ec2611b6fe2044a30ad269a2966d76cd6e1b,G00:32832d1ac0dea2822539803962eab86f426288d0c59e16dbb5a55d7187c1ae20;G21:3ff869c41823fc15f2feb4c057f43400aceca0f70978f4cd3b47135db7d6d8b9,G00:8b875d4bcbb7b178b309c7b1edaa7dce9bbb15090e68b619fb045cec35411c66;G21:feec048b5374d17998cb43ef0c190e57f8f19c97b3ec199a871b9614c93c270c,"is_primary_scenario=true;valid_scenario=true;monthly=5bps;weekly=10bps;LO_borrow=0%;LS_borrow=1%;portfolio_mode=long_short;signal=mom_255_0;top_n=20;frequency=monthly,weekly",G00/artifacts/nav.parquet;G00/artifacts/rebalances.parquet;G00/summary.csv;G21/artifacts/nav.parquet;G21/artifacts/rebalances.parquet;G21/summary.csv;benchmark_daily.parquet;risk_free_daily.parquet,840ff794d5182e2d66bda820551140857400e085ea36ffb0a5479fb658f44fca,sp500-pit-free-research-2013warmup-2018eval-2026-v3-final-candidate,654717,80fa399d00bfa68e5347c3f5c1db72c245000891d31b04384d9d3b439ff138c9
G22/atlas-long-only-monthly.png,atlas,G00;G22,g00-frozen-v3-v1;g22-frozen-v3-v2,baf1d3828118a368447f17537806965a27379f8ef8ff427c8a07463fb1e14b67,G00:32832d1ac0dea2822539803962eab86f426288d0c59e16dbb5a55d7187c1ae20;G22:534ff33b43693d7adce4a4a5beeb3d600f26fb0091efe43c5e9903b07b2298ae,G00:8b875d4bcbb7b178b309c7b1edaa7dce9bbb15090e68b619fb045cec35411c66;G22:c1189bad71c20c2583c6a692decccfee60d535588735ec8952b098575749ee0a,is_primary_scenario=true;valid_scenario=true;monthly=5bps;weekly=10bps;LO_borrow=0%;LS_borrow=1%;portfolio_mode=long_only;frequency=monthly;signal=all;top_n=all,G00/artifacts/nav.parquet;G00/artifacts/rebalances.parquet;G00/summary.csv;G22/artifacts/nav.parquet;G22/artifacts/rebalances.parquet;G22/summary.csv;benchmark_daily.parquet;risk_free_daily.parquet,bb22487ee326c54f2809293b6b4894fab4b799f972ff3fc79d2a6c112f0c8170,sp500-pit-free-research-2013warmup-2018eval-2026-v3-final-candidate,1055984,29a91792d5cca44c98a7c8de9a96cd94d3af4f6422dae48fd14a9b1d1046023e
G22/atlas-long-only-weekly.png,atlas,G00;G22,g00-frozen-v3-v1;g22-frozen-v3-v2,baf1d3828118a368447f17537806965a27379f8ef8ff427c8a07463fb1e14b67,G00:32832d1ac0dea2822539803962eab86f426288d0c59e16dbb5a55d7187c1ae20;G22:534ff33b43693d7adce4a4a5beeb3d600f26fb0091efe43c5e9903b07b2298ae,G00:8b875d4bcbb7b178b309c7b1edaa7dce9bbb15090e68b619fb045cec35411c66;G22:c1189bad71c20c2583c6a692decccfee60d535588735ec8952b098575749ee0a,is_primary_scenario=true;valid_scenario=true;monthly=5bps;weekly=10bps;LO_borrow=0%;LS_borrow=1%;portfolio_mode=long_only;frequency=weekly;signal=all;top_n=all,G00/artifacts/nav.parquet;G00/artifacts/rebalances.parquet;G00/summary.csv;G22/artifacts/nav.parquet;G22/artifacts/rebalances.parquet;G22/summary.csv;benchmark_daily.parquet;risk_free_daily.parquet,bb22487ee326c54f2809293b6b4894fab4b799f972ff3fc79d2a6c112f0c8170,sp500-pit-free-research-2013warmup-2018eval-2026-v3-final-candidate,996762,da7642499c99f3a810b384e19e1ff94b8fba7a6a03c6d19480944546faff1237
G22/atlas-long-short-monthly.png,atlas,G00;G22,g00-frozen-v3-v1;g22-frozen-v3-v2,baf1d3828118a368447f17537806965a27379f8ef8ff427c8a07463fb1e14b67,G00:32832d1ac0dea2822539803962eab86f426288d0c59e16dbb5a55d7187c1ae20;G22:534ff33b43693d7adce4a4a5beeb3d600f26fb0091efe43c5e9903b07b2298ae,G00:8b875d4bcbb7b178b309c7b1edaa7dce9bbb15090e68b619fb045cec35411c66;G22:c1189bad71c20c2583c6a692decccfee60d535588735ec8952b098575749ee0a,is_primary_scenario=true;valid_scenario=true;monthly=5bps;weekly=10bps;LO_borrow=0%;LS_borrow=1%;portfolio_mode=long_short;frequency=monthly;signal=all;top_n=all,G00/artifacts/nav.parquet;G00/artifacts/rebalances.parquet;G00/summary.csv;G22/artifacts/nav.parquet;G22/artifacts/rebalances.parquet;G22/summary.csv;benchmark_daily.parquet;risk_free_daily.parquet,bb22487ee326c54f2809293b6b4894fab4b799f972ff3fc79d2a6c112f0c8170,sp500-pit-free-research-2013warmup-2018eval-2026-v3-final-candidate,919925,ee8e45dec51b92cecd8d2837588ba42894b76e8893219934e25995b3771747c6
G22/atlas-long-short-weekly.png,atlas,G00;G22,g00-frozen-v3-v1;g22-frozen-v3-v2,baf1d3828118a368447f17537806965a27379f8ef8ff427c8a07463fb1e14b67,G00:32832d1ac0dea2822539803962eab86f426288d0c59e16dbb5a55d7187c1ae20;G22:534ff33b43693d7adce4a4a5beeb3d600f26fb0091efe43c5e9903b07b2298ae,G00:8b875d4bcbb7b178b309c7b1edaa7dce9bbb15090e68b619fb045cec35411c66;G22:c1189bad71c20c2583c6a692decccfee60d535588735ec8952b098575749ee0a,is_primary_scenario=true;valid_scenario=true;monthly=5bps;weekly=10bps;LO_borrow=0%;LS_borrow=1%;portfolio_mode=long_short;frequency=weekly;signal=all;top_n=all,G00/artifacts/nav.parquet;G00/artifacts/rebalances.parquet;G00/summary.csv;G22/artifacts/nav.parquet;G22/artifacts/rebalances.parquet;G22/summary.csv;benchmark_daily.parquet;risk_free_daily.parquet,bb22487ee326c54f2809293b6b4894fab4b799f972ff3fc79d2a6c112f0c8170,sp500-pit-free-research-2013warmup-2018eval-2026-v3-final-candidate,838757,3087959b876962114e36a24f32f542d7a3da76df7f049a8c8ed6ad2bfbf54d4e
G22/representative-long-only.png,representative,G00;G22,g00-frozen-v3-v1;g22-frozen-v3-v2,baf1d3828118a368447f17537806965a27379f8ef8ff427c8a07463fb1e14b67,G00:32832d1ac0dea2822539803962eab86f426288d0c59e16dbb5a55d7187c1ae20;G22:534ff33b43693d7adce4a4a5beeb3d600f26fb0091efe43c5e9903b07b2298ae,G00:8b875d4bcbb7b178b309c7b1edaa7dce9bbb15090e68b619fb045cec35411c66;G22:c1189bad71c20c2583c6a692decccfee60d535588735ec8952b098575749ee0a,"is_primary_scenario=true;valid_scenario=true;monthly=5bps;weekly=10bps;LO_borrow=0%;LS_borrow=1%;portfolio_mode=long_only;signal=mom_255_0;top_n=20;frequency=monthly,weekly",G00/artifacts/nav.parquet;G00/artifacts/rebalances.parquet;G00/summary.csv;G22/artifacts/nav.parquet;G22/artifacts/rebalances.parquet;G22/summary.csv;benchmark_daily.parquet;risk_free_daily.parquet,bb22487ee326c54f2809293b6b4894fab4b799f972ff3fc79d2a6c112f0c8170,sp500-pit-free-research-2013warmup-2018eval-2026-v3-final-candidate,768067,d706b3afece1c1da82fd399d2604c0136781c4affa049f9efa9d005b61683621
G22/representative-long-short.png,representative,G00;G22,g00-frozen-v3-v1;g22-frozen-v3-v2,baf1d3828118a368447f17537806965a27379f8ef8ff427c8a07463fb1e14b67,G00:32832d1ac0dea2822539803962eab86f426288d0c59e16dbb5a55d7187c1ae20;G22:534ff33b43693d7adce4a4a5beeb3d600f26fb0091efe43c5e9903b07b2298ae,G00:8b875d4bcbb7b178b309c7b1edaa7dce9bbb15090e68b619fb045cec35411c66;G22:c1189bad71c20c2583c6a692decccfee60d535588735ec8952b098575749ee0a,"is_primary_scenario=true;valid_scenario=true;monthly=5bps;weekly=10bps;LO_borrow=0%;LS_borrow=1%;portfolio_mode=long_short;signal=mom_255_0;top_n=20;frequency=monthly,weekly",G00/artifacts/nav.parquet;G00/artifacts/rebalances.parquet;G00/summary.csv;G22/artifacts/nav.parquet;G22/artifacts/rebalances.parquet;G22/summary.csv;benchmark_daily.parquet;risk_free_daily.parquet,bb22487ee326c54f2809293b6b4894fab4b799f972ff3fc79d2a6c112f0c8170,sp500-pit-free-research-2013warmup-2018eval-2026-v3-final-candidate,640914,915f2d6d8e1a0d82aa596a9754f3ca50dad8d35e0e3e260e2c900970e782ff91
G23/atlas-long-only-monthly.png,atlas,G00;G23,g00-frozen-v3-v1;g23-frozen-v3-v1,c28b3a6c890080ed48ba81fd2192fbe45163bb2a389b9ee9f9d2f8bbeeb82781,G00:32832d1ac0dea2822539803962eab86f426288d0c59e16dbb5a55d7187c1ae20;G23:96c8608f498b7fb68e5192609d7163a22748e428bd18cca71073dc741c357c11,G00:8b875d4bcbb7b178b309c7b1edaa7dce9bbb15090e68b619fb045cec35411c66;G23:c0f90d3e864ce29a5f7e7f3a7ea94a26083680749e6b83b1e427138f05d5767f,is_primary_scenario=true;valid_scenario=true;monthly=5bps;weekly=10bps;LO_borrow=0%;LS_borrow=1%;portfolio_mode=long_only;frequency=monthly;signal=all;top_n=all,G00/artifacts/nav.parquet;G00/artifacts/rebalances.parquet;G00/summary.csv;G23/artifacts/nav.parquet;G23/artifacts/rebalances.parquet;G23/summary.csv;benchmark_daily.parquet;risk_free_daily.parquet,da544facd0c4a1dddd8265f93c5cedb45900f811f04ffa3961012a80b0a9c352,sp500-pit-free-research-2013warmup-2018eval-2026-v3-final-candidate,983381,bc250e34ab828478eb6a9cd98c24f2295eac7c4b45f5d158961a6fecfe88dbe9
G23/atlas-long-only-weekly.png,atlas,G00;G23,g00-frozen-v3-v1;g23-frozen-v3-v1,c28b3a6c890080ed48ba81fd2192fbe45163bb2a389b9ee9f9d2f8bbeeb82781,G00:32832d1ac0dea2822539803962eab86f426288d0c59e16dbb5a55d7187c1ae20;G23:96c8608f498b7fb68e5192609d7163a22748e428bd18cca71073dc741c357c11,G00:8b875d4bcbb7b178b309c7b1edaa7dce9bbb15090e68b619fb045cec35411c66;G23:c0f90d3e864ce29a5f7e7f3a7ea94a26083680749e6b83b1e427138f05d5767f,is_primary_scenario=true;valid_scenario=true;monthly=5bps;weekly=10bps;LO_borrow=0%;LS_borrow=1%;portfolio_mode=long_only;frequency=weekly;signal=all;top_n=all,G00/artifacts/nav.parquet;G00/artifacts/rebalances.parquet;G00/summary.csv;G23/artifacts/nav.parquet;G23/artifacts/rebalances.parquet;G23/summary.csv;benchmark_daily.parquet;risk_free_daily.parquet,da544facd0c4a1dddd8265f93c5cedb45900f811f04ffa3961012a80b0a9c352,sp500-pit-free-research-2013warmup-2018eval-2026-v3-final-candidate,996174,d6cd4c6e23e713fb2997e43f133dd935b8848cd16a1e4bd92411cc7ef3ef6b45
G23/atlas-long-short-monthly.png,atlas,G00;G23,g00-frozen-v3-v1;g23-frozen-v3-v1,c28b3a6c890080ed48ba81fd2192fbe45163bb2a389b9ee9f9d2f8bbeeb82781,G00:32832d1ac0dea2822539803962eab86f426288d0c59e16dbb5a55d7187c1ae20;G23:96c8608f498b7fb68e5192609d7163a22748e428bd18cca71073dc741c357c11,G00:8b875d4bcbb7b178b309c7b1edaa7dce9bbb15090e68b619fb045cec35411c66;G23:c0f90d3e864ce29a5f7e7f3a7ea94a26083680749e6b83b1e427138f05d5767f,is_primary_scenario=true;valid_scenario=true;monthly=5bps;weekly=10bps;LO_borrow=0%;LS_borrow=1%;portfolio_mode=long_short;frequency=monthly;signal=all;top_n=all,G00/artifacts/nav.parquet;G00/artifacts/rebalances.parquet;G00/summary.csv;G23/artifacts/nav.parquet;G23/artifacts/rebalances.parquet;G23/summary.csv;benchmark_daily.parquet;risk_free_daily.parquet,da544facd0c4a1dddd8265f93c5cedb45900f811f04ffa3961012a80b0a9c352,sp500-pit-free-research-2013warmup-2018eval-2026-v3-final-candidate,883442,dcc3b1ab204160af816874a4d37f18f3a0184f3151ffc5de94ad1b2808520138
G23/atlas-long-short-weekly.png,atlas,G00;G23,g00-frozen-v3-v1;g23-frozen-v3-v1,c28b3a6c890080ed48ba81fd2192fbe45163bb2a389b9ee9f9d2f8bbeeb82781,G00:32832d1ac0dea2822539803962eab86f426288d0c59e16dbb5a55d7187c1ae20;G23:96c8608f498b7fb68e5192609d7163a22748e428bd18cca71073dc741c357c11,G00:8b875d4bcbb7b178b309c7b1edaa7dce9bbb15090e68b619fb045cec35411c66;G23:c0f90d3e864ce29a5f7e7f3a7ea94a26083680749e6b83b1e427138f05d5767f,is_primary_scenario=true;valid_scenario=true;monthly=5bps;weekly=10bps;LO_borrow=0%;LS_borrow=1%;portfolio_mode=long_short;frequency=weekly;signal=all;top_n=all,G00/artifacts/nav.parquet;G00/artifacts/rebalances.parquet;G00/summary.csv;G23/artifacts/nav.parquet;G23/artifacts/rebalances.parquet;G23/summary.csv;benchmark_daily.parquet;risk_free_daily.parquet,da544facd0c4a1dddd8265f93c5cedb45900f811f04ffa3961012a80b0a9c352,sp500-pit-free-research-2013warmup-2018eval-2026-v3-final-candidate,860032,0e2828d5a59f9e1a8d9c8c1a649e8b2e78dbb364636f13482f8d87ea296918ec
G23/representative-long-only.png,representative,G00;G23,g00-frozen-v3-v1;g23-frozen-v3-v1,c28b3a6c890080ed48ba81fd2192fbe45163bb2a389b9ee9f9d2f8bbeeb82781,G00:32832d1ac0dea2822539803962eab86f426288d0c59e16dbb5a55d7187c1ae20;G23:96c8608f498b7fb68e5192609d7163a22748e428bd18cca71073dc741c357c11,G00:8b875d4bcbb7b178b309c7b1edaa7dce9bbb15090e68b619fb045cec35411c66;G23:c0f90d3e864ce29a5f7e7f3a7ea94a26083680749e6b83b1e427138f05d5767f,"is_primary_scenario=true;valid_scenario=true;monthly=5bps;weekly=10bps;LO_borrow=0%;LS_borrow=1%;portfolio_mode=long_only;signal=mom_255_0;top_n=20;frequency=monthly,weekly",G00/artifacts/nav.parquet;G00/artifacts/rebalances.parquet;G00/summary.csv;G23/artifacts/nav.parquet;G23/artifacts/rebalances.parquet;G23/summary.csv;benchmark_daily.parquet;risk_free_daily.parquet,da544facd0c4a1dddd8265f93c5cedb45900f811f04ffa3961012a80b0a9c352,sp500-pit-free-research-2013warmup-2018eval-2026-v3-final-candidate,707898,923851b0b09b9f67e3a9145858e094f938eb862abfe43c5c4cfd95a3c55be10d
G23/representative-long-short.png,representative,G00;G23,g00-frozen-v3-v1;g23-frozen-v3-v1,c28b3a6c890080ed48ba81fd2192fbe45163bb2a389b9ee9f9d2f8bbeeb82781,G00:32832d1ac0dea2822539803962eab86f426288d0c59e16dbb5a55d7187c1ae20;G23:96c8608f498b7fb68e5192609d7163a22748e428bd18cca71073dc741c357c11,G00:8b875d4bcbb7b178b309c7b1edaa7dce9bbb15090e68b619fb045cec35411c66;G23:c0f90d3e864ce29a5f7e7f3a7ea94a26083680749e6b83b1e427138f05d5767f,"is_primary_scenario=true;valid_scenario=true;monthly=5bps;weekly=10bps;LO_borrow=0%;LS_borrow=1%;portfolio_mode=long_short;signal=mom_255_0;top_n=20;frequency=monthly,weekly",G00/artifacts/nav.parquet;G00/artifacts/rebalances.parquet;G00/summary.csv;G23/artifacts/nav.parquet;G23/artifacts/rebalances.parquet;G23/summary.csv;benchmark_daily.parquet;risk_free_daily.parquet,da544facd0c4a1dddd8265f93c5cedb45900f811f04ffa3961012a80b0a9c352,sp500-pit-free-research-2013warmup-2018eval-2026-v3-final-candidate,642675,87012bee1b4fd422ad6c8308f0101ed0ff6c3bd24bd8ff21fb29c1d33a001ad5
G31/atlas-long-only-monthly.png,atlas,G00;G31,g00-frozen-v3-v1;g31-frozen-v3-v1,7858feef61352dacffcc5eae99c6e0069f161865b76d7a93f6fe4278fbe6a77f,G00:32832d1ac0dea2822539803962eab86f426288d0c59e16dbb5a55d7187c1ae20;G31:f9079b2aaff1640d874f6dba762055e1ce2037ba24c7523d6735a7bc4b9f393a,G00:8b875d4bcbb7b178b309c7b1edaa7dce9bbb15090e68b619fb045cec35411c66;G31:fe38a31017473487db11188b7c9b858d4c54298be674a52d6bb81031bd3b06fc,is_primary_scenario=true;valid_scenario=true;monthly=5bps;weekly=10bps;LO_borrow=0%;LS_borrow=1%;portfolio_mode=long_only;frequency=monthly;signal=all;top_n=all,G00/artifacts/nav.parquet;G00/artifacts/rebalances.parquet;G00/summary.csv;G31/artifacts/nav.parquet;G31/artifacts/rebalances.parquet;G31/summary.csv;benchmark_daily.parquet;risk_free_daily.parquet,aa8180695f1104d8e9971541e1246a391884256f35a616d7b4f146338c09ca1c,sp500-pit-free-research-2013warmup-2018eval-2026-v3-final-candidate,799765,dc1d2548d42abedff0a68e3ef158ef91da61b63b7794eee8d1d151c839032838
G31/atlas-long-only-weekly.png,atlas,G00;G31,g00-frozen-v3-v1;g31-frozen-v3-v1,7858feef61352dacffcc5eae99c6e0069f161865b76d7a93f6fe4278fbe6a77f,G00:32832d1ac0dea2822539803962eab86f426288d0c59e16dbb5a55d7187c1ae20;G31:f9079b2aaff1640d874f6dba762055e1ce2037ba24c7523d6735a7bc4b9f393a,G00:8b875d4bcbb7b178b309c7b1edaa7dce9bbb15090e68b619fb045cec35411c66;G31:fe38a31017473487db11188b7c9b858d4c54298be674a52d6bb81031bd3b06fc,is_primary_scenario=true;valid_scenario=true;monthly=5bps;weekly=10bps;LO_borrow=0%;LS_borrow=1%;portfolio_mode=long_only;frequency=weekly;signal=all;top_n=all,G00/artifacts/nav.parquet;G00/artifacts/rebalances.parquet;G00/summary.csv;G31/artifacts/nav.parquet;G31/artifacts/rebalances.parquet;G31/summary.csv;benchmark_daily.parquet;risk_free_daily.parquet,aa8180695f1104d8e9971541e1246a391884256f35a616d7b4f146338c09ca1c,sp500-pit-free-research-2013warmup-2018eval-2026-v3-final-candidate,825051,f493cff4e0f7fcf3e89f5aa0a3a2c6c58e40d1ca94c9b33c0bb0a17eba01fc08
G31/atlas-long-short-monthly.png,atlas,G00;G31,g00-frozen-v3-v1;g31-frozen-v3-v1,7858feef61352dacffcc5eae99c6e0069f161865b76d7a93f6fe4278fbe6a77f,G00:32832d1ac0dea2822539803962eab86f426288d0c59e16dbb5a55d7187c1ae20;G31:f9079b2aaff1640d874f6dba762055e1ce2037ba24c7523d6735a7bc4b9f393a,G00:8b875d4bcbb7b178b309c7b1edaa7dce9bbb15090e68b619fb045cec35411c66;G31:fe38a31017473487db11188b7c9b858d4c54298be674a52d6bb81031bd3b06fc,is_primary_scenario=true;valid_scenario=true;monthly=5bps;weekly=10bps;LO_borrow=0%;LS_borrow=1%;portfolio_mode=long_short;frequency=monthly;signal=all;top_n=all,G00/artifacts/nav.parquet;G00/artifacts/rebalances.parquet;G00/summary.csv;G31/artifacts/nav.parquet;G31/artifacts/rebalances.parquet;G31/summary.csv;benchmark_daily.parquet;risk_free_daily.parquet,aa8180695f1104d8e9971541e1246a391884256f35a616d7b4f146338c09ca1c,sp500-pit-free-research-2013warmup-2018eval-2026-v3-final-candidate,726280,fbf05f9d011736efdbd1e1b5cb5d2686b8b8442adb74b658c82adb2d707c7a77
G31/atlas-long-short-weekly.png,atlas,G00;G31,g00-frozen-v3-v1;g31-frozen-v3-v1,7858feef61352dacffcc5eae99c6e0069f161865b76d7a93f6fe4278fbe6a77f,G00:32832d1ac0dea2822539803962eab86f426288d0c59e16dbb5a55d7187c1ae20;G31:f9079b2aaff1640d874f6dba762055e1ce2037ba24c7523d6735a7bc4b9f393a,G00:8b875d4bcbb7b178b309c7b1edaa7dce9bbb15090e68b619fb045cec35411c66;G31:fe38a31017473487db11188b7c9b858d4c54298be674a52d6bb81031bd3b06fc,is_primary_scenario=true;valid_scenario=true;monthly=5bps;weekly=10bps;LO_borrow=0%;LS_borrow=1%;portfolio_mode=long_short;frequency=weekly;signal=all;top_n=all,G00/artifacts/nav.parquet;G00/artifacts/rebalances.parquet;G00/summary.csv;G31/artifacts/nav.parquet;G31/artifacts/rebalances.parquet;G31/summary.csv;benchmark_daily.parquet;risk_free_daily.parquet,aa8180695f1104d8e9971541e1246a391884256f35a616d7b4f146338c09ca1c,sp500-pit-free-research-2013warmup-2018eval-2026-v3-final-candidate,762355,01936e4f096ac315decfb79134f1c1bce40f76f2b94283c69495c876f70c9b18
G31/representative-long-only.png,representative,G00;G31,g00-frozen-v3-v1;g31-frozen-v3-v1,7858feef61352dacffcc5eae99c6e0069f161865b76d7a93f6fe4278fbe6a77f,G00:32832d1ac0dea2822539803962eab86f426288d0c59e16dbb5a55d7187c1ae20;G31:f9079b2aaff1640d874f6dba762055e1ce2037ba24c7523d6735a7bc4b9f393a,G00:8b875d4bcbb7b178b309c7b1edaa7dce9bbb15090e68b619fb045cec35411c66;G31:fe38a31017473487db11188b7c9b858d4c54298be674a52d6bb81031bd3b06fc,"is_primary_scenario=true;valid_scenario=true;monthly=5bps;weekly=10bps;LO_borrow=0%;LS_borrow=1%;portfolio_mode=long_only;signal=mom_255_0;top_n=20;frequency=monthly,weekly",G00/artifacts/nav.parquet;G00/artifacts/rebalances.parquet;G00/summary.csv;G31/artifacts/nav.parquet;G31/artifacts/rebalances.parquet;G31/summary.csv;benchmark_daily.parquet;risk_free_daily.parquet,aa8180695f1104d8e9971541e1246a391884256f35a616d7b4f146338c09ca1c,sp500-pit-free-research-2013warmup-2018eval-2026-v3-final-candidate,697174,12c8e94605b30e39e6433fe923e73a5ea129e6696a8c261061cb1779a8dc23d7
G31/representative-long-short.png,representative,G00;G31,g00-frozen-v3-v1;g31-frozen-v3-v1,7858feef61352dacffcc5eae99c6e0069f161865b76d7a93f6fe4278fbe6a77f,G00:32832d1ac0dea2822539803962eab86f426288d0c59e16dbb5a55d7187c1ae20;G31:f9079b2aaff1640d874f6dba762055e1ce2037ba24c7523d6735a7bc4b9f393a,G00:8b875d4bcbb7b178b309c7b1edaa7dce9bbb15090e68b619fb045cec35411c66;G31:fe38a31017473487db11188b7c9b858d4c54298be674a52d6bb81031bd3b06fc,"is_primary_scenario=true;valid_scenario=true;monthly=5bps;weekly=10bps;LO_borrow=0%;LS_borrow=1%;portfolio_mode=long_short;signal=mom_255_0;top_n=20;frequency=monthly,weekly",G00/artifacts/nav.parquet;G00/artifacts/rebalances.parquet;G00/summary.csv;G31/artifacts/nav.parquet;G31/artifacts/rebalances.parquet;G31/summary.csv;benchmark_daily.parquet;risk_free_daily.parquet,aa8180695f1104d8e9971541e1246a391884256f35a616d7b4f146338c09ca1c,sp500-pit-free-research-2013warmup-2018eval-2026-v3-final-candidate,768755,0c531373e274b3786aabb08da5d6fe5037d59e7ef399127782c79b64a2f6f272
G32/atlas-long-only-monthly.png,atlas,G00;G32,g00-frozen-v3-v1;g32-frozen-v3-v1,13969fb9bb21bcc8026fdec62e2bbd3a89f3404ceeddf43691e8fe14a4322c4a,G00:32832d1ac0dea2822539803962eab86f426288d0c59e16dbb5a55d7187c1ae20;G32:64c2ec8c2f7c3dd4b8b60786ea16e22dcd695fe762a7b21284c4d59865a94c3d,G00:8b875d4bcbb7b178b309c7b1edaa7dce9bbb15090e68b619fb045cec35411c66;G32:0d85979a75ed02d9033fa3977e06585483e5ca9e3235049d23ac0bdfc5b1cb2d,is_primary_scenario=true;valid_scenario=true;monthly=5bps;weekly=10bps;LO_borrow=0%;LS_borrow=1%;portfolio_mode=long_only;frequency=monthly;signal=all;top_n=all,G00/artifacts/nav.parquet;G00/artifacts/rebalances.parquet;G00/summary.csv;G32/artifacts/nav.parquet;G32/artifacts/rebalances.parquet;G32/summary.csv;benchmark_daily.parquet;risk_free_daily.parquet,151b8e6427e7de9393b79b7fbb374217d557b8fe82f3fa2c5e4036b025607808,sp500-pit-free-research-2013warmup-2018eval-2026-v3-final-candidate,822572,6b9786db8fcc2f0c44c05faebaf0ea60f2f0e202c9c72280e7380950a44e718c
G32/atlas-long-only-weekly.png,atlas,G00;G32,g00-frozen-v3-v1;g32-frozen-v3-v1,13969fb9bb21bcc8026fdec62e2bbd3a89f3404ceeddf43691e8fe14a4322c4a,G00:32832d1ac0dea2822539803962eab86f426288d0c59e16dbb5a55d7187c1ae20;G32:64c2ec8c2f7c3dd4b8b60786ea16e22dcd695fe762a7b21284c4d59865a94c3d,G00:8b875d4bcbb7b178b309c7b1edaa7dce9bbb15090e68b619fb045cec35411c66;G32:0d85979a75ed02d9033fa3977e06585483e5ca9e3235049d23ac0bdfc5b1cb2d,is_primary_scenario=true;valid_scenario=true;monthly=5bps;weekly=10bps;LO_borrow=0%;LS_borrow=1%;portfolio_mode=long_only;frequency=weekly;signal=all;top_n=all,G00/artifacts/nav.parquet;G00/artifacts/rebalances.parquet;G00/summary.csv;G32/artifacts/nav.parquet;G32/artifacts/rebalances.parquet;G32/summary.csv;benchmark_daily.parquet;risk_free_daily.parquet,151b8e6427e7de9393b79b7fbb374217d557b8fe82f3fa2c5e4036b025607808,sp500-pit-free-research-2013warmup-2018eval-2026-v3-final-candidate,844976,991a8e4aa56e1e9b58f630c3206b5c3a36e46d2ec2a9807f2114ea5e19a2ef13
G32/atlas-long-short-monthly.png,atlas,G00;G32,g00-frozen-v3-v1;g32-frozen-v3-v1,13969fb9bb21bcc8026fdec62e2bbd3a89f3404ceeddf43691e8fe14a4322c4a,G00:32832d1ac0dea2822539803962eab86f426288d0c59e16dbb5a55d7187c1ae20;G32:64c2ec8c2f7c3dd4b8b60786ea16e22dcd695fe762a7b21284c4d59865a94c3d,G00:8b875d4bcbb7b178b309c7b1edaa7dce9bbb15090e68b619fb045cec35411c66;G32:0d85979a75ed02d9033fa3977e06585483e5ca9e3235049d23ac0bdfc5b1cb2d,is_primary_scenario=true;valid_scenario=true;monthly=5bps;weekly=10bps;LO_borrow=0%;LS_borrow=1%;portfolio_mode=long_short;frequency=monthly;signal=all;top_n=all,G00/artifacts/nav.parquet;G00/artifacts/rebalances.parquet;G00/summary.csv;G32/artifacts/nav.parquet;G32/artifacts/rebalances.parquet;G32/summary.csv;benchmark_daily.parquet;risk_free_daily.parquet,151b8e6427e7de9393b79b7fbb374217d557b8fe82f3fa2c5e4036b025607808,sp500-pit-free-research-2013warmup-2018eval-2026-v3-final-candidate,709766,305bb44092558505a28161e3fa7ab8365dd4eef93638e361c6b3514ba15cae06
G32/atlas-long-short-weekly.png,atlas,G00;G32,g00-frozen-v3-v1;g32-frozen-v3-v1,13969fb9bb21bcc8026fdec62e2bbd3a89f3404ceeddf43691e8fe14a4322c4a,G00:32832d1ac0dea2822539803962eab86f426288d0c59e16dbb5a55d7187c1ae20;G32:64c2ec8c2f7c3dd4b8b60786ea16e22dcd695fe762a7b21284c4d59865a94c3d,G00:8b875d4bcbb7b178b309c7b1edaa7dce9bbb15090e68b619fb045cec35411c66;G32:0d85979a75ed02d9033fa3977e06585483e5ca9e3235049d23ac0bdfc5b1cb2d,is_primary_scenario=true;valid_scenario=true;monthly=5bps;weekly=10bps;LO_borrow=0%;LS_borrow=1%;portfolio_mode=long_short;frequency=weekly;signal=all;top_n=all,G00/artifacts/nav.parquet;G00/artifacts/rebalances.parquet;G00/summary.csv;G32/artifacts/nav.parquet;G32/artifacts/rebalances.parquet;G32/summary.csv;benchmark_daily.parquet;risk_free_daily.parquet,151b8e6427e7de9393b79b7fbb374217d557b8fe82f3fa2c5e4036b025607808,sp500-pit-free-research-2013warmup-2018eval-2026-v3-final-candidate,735498,f8c8c401e341f4790c348953c77edff56a4302efdfc7d65084182faadc846a67
G32/representative-long-only.png,representative,G00;G32,g00-frozen-v3-v1;g32-frozen-v3-v1,13969fb9bb21bcc8026fdec62e2bbd3a89f3404ceeddf43691e8fe14a4322c4a,G00:32832d1ac0dea2822539803962eab86f426288d0c59e16dbb5a55d7187c1ae20;G32:64c2ec8c2f7c3dd4b8b60786ea16e22dcd695fe762a7b21284c4d59865a94c3d,G00:8b875d4bcbb7b178b309c7b1edaa7dce9bbb15090e68b619fb045cec35411c66;G32:0d85979a75ed02d9033fa3977e06585483e5ca9e3235049d23ac0bdfc5b1cb2d,"is_primary_scenario=true;valid_scenario=true;monthly=5bps;weekly=10bps;LO_borrow=0%;LS_borrow=1%;portfolio_mode=long_only;signal=mom_255_0;top_n=20;frequency=monthly,weekly",G00/artifacts/nav.parquet;G00/artifacts/rebalances.parquet;G00/summary.csv;G32/artifacts/nav.parquet;G32/artifacts/rebalances.parquet;G32/summary.csv;benchmark_daily.parquet;risk_free_daily.parquet,151b8e6427e7de9393b79b7fbb374217d557b8fe82f3fa2c5e4036b025607808,sp500-pit-free-research-2013warmup-2018eval-2026-v3-final-candidate,689331,38acc8489824e80b455c5d402ecb0c81fffa69692842e78498b894036952d366
G32/representative-long-short.png,representative,G00;G32,g00-frozen-v3-v1;g32-frozen-v3-v1,13969fb9bb21bcc8026fdec62e2bbd3a89f3404ceeddf43691e8fe14a4322c4a,G00:32832d1ac0dea2822539803962eab86f426288d0c59e16dbb5a55d7187c1ae20;G32:64c2ec8c2f7c3dd4b8b60786ea16e22dcd695fe762a7b21284c4d59865a94c3d,G00:8b875d4bcbb7b178b309c7b1edaa7dce9bbb15090e68b619fb045cec35411c66;G32:0d85979a75ed02d9033fa3977e06585483e5ca9e3235049d23ac0bdfc5b1cb2d,"is_primary_scenario=true;valid_scenario=true;monthly=5bps;weekly=10bps;LO_borrow=0%;LS_borrow=1%;portfolio_mode=long_short;signal=mom_255_0;top_n=20;frequency=monthly,weekly",G00/artifacts/nav.parquet;G00/artifacts/rebalances.parquet;G00/summary.csv;G32/artifacts/nav.parquet;G32/artifacts/rebalances.parquet;G32/summary.csv;benchmark_daily.parquet;risk_free_daily.parquet,151b8e6427e7de9393b79b7fbb374217d557b8fe82f3fa2c5e4036b025607808,sp500-pit-free-research-2013warmup-2018eval-2026-v3-final-candidate,732376,ce9871d190489243893bae7e6ccccba000d7b1c2f31c4a416f05eda06d186fb5
G33/atlas-long-only-monthly.png,atlas,G00;G33,g00-frozen-v3-v1;g33-frozen-v3-v1,4fa47652c263cfbf89f89424c4cb7d619c67dd78eacbdd9ab07270ec78d7a05b,G00:32832d1ac0dea2822539803962eab86f426288d0c59e16dbb5a55d7187c1ae20;G33:98b01d10c4edd9d0faf2ed8f7f835175ff8fe642ba6c31ded4eaaefc3b8a4c6f,G00:8b875d4bcbb7b178b309c7b1edaa7dce9bbb15090e68b619fb045cec35411c66;G33:11803b8b934a768075f2aae7ca6830e18848c960775d95db74b3636a91b50259,is_primary_scenario=true;valid_scenario=true;monthly=5bps;weekly=10bps;LO_borrow=0%;LS_borrow=1%;portfolio_mode=long_only;frequency=monthly;signal=all;top_n=all,G00/artifacts/nav.parquet;G00/artifacts/rebalances.parquet;G00/summary.csv;G33/artifacts/nav.parquet;G33/artifacts/rebalances.parquet;G33/summary.csv;benchmark_daily.parquet;risk_free_daily.parquet,218f30233172ad711fc7230de09c14b203c6819b9965409c6a16ab3a4f5762eb,sp500-pit-free-research-2013warmup-2018eval-2026-v3-final-candidate,815932,9fccc7bec000df913bb3f1e08bf26a4af7188f2319f1bee2b293352ce2655b88
G33/atlas-long-only-weekly.png,atlas,G00;G33,g00-frozen-v3-v1;g33-frozen-v3-v1,4fa47652c263cfbf89f89424c4cb7d619c67dd78eacbdd9ab07270ec78d7a05b,G00:32832d1ac0dea2822539803962eab86f426288d0c59e16dbb5a55d7187c1ae20;G33:98b01d10c4edd9d0faf2ed8f7f835175ff8fe642ba6c31ded4eaaefc3b8a4c6f,G00:8b875d4bcbb7b178b309c7b1edaa7dce9bbb15090e68b619fb045cec35411c66;G33:11803b8b934a768075f2aae7ca6830e18848c960775d95db74b3636a91b50259,is_primary_scenario=true;valid_scenario=true;monthly=5bps;weekly=10bps;LO_borrow=0%;LS_borrow=1%;portfolio_mode=long_only;frequency=weekly;signal=all;top_n=all,G00/artifacts/nav.parquet;G00/artifacts/rebalances.parquet;G00/summary.csv;G33/artifacts/nav.parquet;G33/artifacts/rebalances.parquet;G33/summary.csv;benchmark_daily.parquet;risk_free_daily.parquet,218f30233172ad711fc7230de09c14b203c6819b9965409c6a16ab3a4f5762eb,sp500-pit-free-research-2013warmup-2018eval-2026-v3-final-candidate,815180,8bb4b32fd11ae6635ef3ea479fc92fcf9cdf7bc8a5716ae454a9b5add79bc155
G33/atlas-long-short-monthly.png,atlas,G00;G33,g00-frozen-v3-v1;g33-frozen-v3-v1,4fa47652c263cfbf89f89424c4cb7d619c67dd78eacbdd9ab07270ec78d7a05b,G00:32832d1ac0dea2822539803962eab86f426288d0c59e16dbb5a55d7187c1ae20;G33:98b01d10c4edd9d0faf2ed8f7f835175ff8fe642ba6c31ded4eaaefc3b8a4c6f,G00:8b875d4bcbb7b178b309c7b1edaa7dce9bbb15090e68b619fb045cec35411c66;G33:11803b8b934a768075f2aae7ca6830e18848c960775d95db74b3636a91b50259,is_primary_scenario=true;valid_scenario=true;monthly=5bps;weekly=10bps;LO_borrow=0%;LS_borrow=1%;portfolio_mode=long_short;frequency=monthly;signal=all;top_n=all,G00/artifacts/nav.parquet;G00/artifacts/rebalances.parquet;G00/summary.csv;G33/artifacts/nav.parquet;G33/artifacts/rebalances.parquet;G33/summary.csv;benchmark_daily.parquet;risk_free_daily.parquet,218f30233172ad711fc7230de09c14b203c6819b9965409c6a16ab3a4f5762eb,sp500-pit-free-research-2013warmup-2018eval-2026-v3-final-candidate,728200,23555bc1784eb7f6b3178835a4665de9800cb2af1167e1a41d11a463d462b4e5
G33/atlas-long-short-weekly.png,atlas,G00;G33,g00-frozen-v3-v1;g33-frozen-v3-v1,4fa47652c263cfbf89f89424c4cb7d619c67dd78eacbdd9ab07270ec78d7a05b,G00:32832d1ac0dea2822539803962eab86f426288d0c59e16dbb5a55d7187c1ae20;G33:98b01d10c4edd9d0faf2ed8f7f835175ff8fe642ba6c31ded4eaaefc3b8a4c6f,G00:8b875d4bcbb7b178b309c7b1edaa7dce9bbb15090e68b619fb045cec35411c66;G33:11803b8b934a768075f2aae7ca6830e18848c960775d95db74b3636a91b50259,is_primary_scenario=true;valid_scenario=true;monthly=5bps;weekly=10bps;LO_borrow=0%;LS_borrow=1%;portfolio_mode=long_short;frequency=weekly;signal=all;top_n=all,G00/artifacts/nav.parquet;G00/artifacts/rebalances.parquet;G00/summary.csv;G33/artifacts/nav.parquet;G33/artifacts/rebalances.parquet;G33/summary.csv;benchmark_daily.parquet;risk_free_daily.parquet,218f30233172ad711fc7230de09c14b203c6819b9965409c6a16ab3a4f5762eb,sp500-pit-free-research-2013warmup-2018eval-2026-v3-final-candidate,756871,a5d6da4f237c096ce72cfd622103d873f5172e19dc67d19f1de7adb38852ffb4
G33/representative-long-only.png,representative,G00;G33,g00-frozen-v3-v1;g33-frozen-v3-v1,4fa47652c263cfbf89f89424c4cb7d619c67dd78eacbdd9ab07270ec78d7a05b,G00:32832d1ac0dea2822539803962eab86f426288d0c59e16dbb5a55d7187c1ae20;G33:98b01d10c4edd9d0faf2ed8f7f835175ff8fe642ba6c31ded4eaaefc3b8a4c6f,G00:8b875d4bcbb7b178b309c7b1edaa7dce9bbb15090e68b619fb045cec35411c66;G33:11803b8b934a768075f2aae7ca6830e18848c960775d95db74b3636a91b50259,"is_primary_scenario=true;valid_scenario=true;monthly=5bps;weekly=10bps;LO_borrow=0%;LS_borrow=1%;portfolio_mode=long_only;signal=mom_255_0;top_n=20;frequency=monthly,weekly",G00/artifacts/nav.parquet;G00/artifacts/rebalances.parquet;G00/summary.csv;G33/artifacts/nav.parquet;G33/artifacts/rebalances.parquet;G33/summary.csv;benchmark_daily.parquet;risk_free_daily.parquet,218f30233172ad711fc7230de09c14b203c6819b9965409c6a16ab3a4f5762eb,sp500-pit-free-research-2013warmup-2018eval-2026-v3-final-candidate,702109,926f6d2febedda85cc7db66bb6c0a0ef49b94d572e062614612c0be43be2a6eb
G33/representative-long-short.png,representative,G00;G33,g00-frozen-v3-v1;g33-frozen-v3-v1,4fa47652c263cfbf89f89424c4cb7d619c67dd78eacbdd9ab07270ec78d7a05b,G00:32832d1ac0dea2822539803962eab86f426288d0c59e16dbb5a55d7187c1ae20;G33:98b01d10c4edd9d0faf2ed8f7f835175ff8fe642ba6c31ded4eaaefc3b8a4c6f,G00:8b875d4bcbb7b178b309c7b1edaa7dce9bbb15090e68b619fb045cec35411c66;G33:11803b8b934a768075f2aae7ca6830e18848c960775d95db74b3636a91b50259,"is_primary_scenario=true;valid_scenario=true;monthly=5bps;weekly=10bps;LO_borrow=0%;LS_borrow=1%;portfolio_mode=long_short;signal=mom_255_0;top_n=20;frequency=monthly,weekly",G00/artifacts/nav.parquet;G00/artifacts/rebalances.parquet;G00/summary.csv;G33/artifacts/nav.parquet;G33/artifacts/rebalances.parquet;G33/summary.csv;benchmark_daily.parquet;risk_free_daily.parquet,218f30233172ad711fc7230de09c14b203c6819b9965409c6a16ab3a4f5762eb,sp500-pit-free-research-2013warmup-2018eval-2026-v3-final-candidate,754408,e88513e76c21ae7f08bfb54169db0650e97364aa9b512d21d9e65a200722ba6d
overview-active-long-only.png,overview-active,G00;G11;G12;G13;G21;G22;G23;G31;G32;G33,g00-frozen-v3-v1;g11-frozen-v3-v1;g12-frozen-v3-v2;g13-frozen-v3-v2;g21-frozen-v3-v1;g22-frozen-v3-v2;g23-frozen-v3-v1;g31-frozen-v3-v1;g32-frozen-v3-v1;g33-frozen-v3-v1,c7dd59ddf6db8c7462254b67d917b947c02ab9929e8c32a8e70db037964f97a6,G00:32832d1ac0dea2822539803962eab86f426288d0c59e16dbb5a55d7187c1ae20;G11:22eac8960c2c4a8516f2b0cdf12fea653ff7e81e981f59635ea10a1a23981cb5;G12:a3d5708d143d79c3ab51d0472c05f3f16398364e98a796d679630b7e07867dce;G13:5b4ec84726ad8acab886758664e21b51440eb43f223da85eb266341db4d5203d;G21:3ff869c41823fc15f2feb4c057f43400aceca0f70978f4cd3b47135db7d6d8b9;G22:534ff33b43693d7adce4a4a5beeb3d600f26fb0091efe43c5e9903b07b2298ae;G23:96c8608f498b7fb68e5192609d7163a22748e428bd18cca71073dc741c357c11;G31:f9079b2aaff1640d874f6dba762055e1ce2037ba24c7523d6735a7bc4b9f393a;G32:64c2ec8c2f7c3dd4b8b60786ea16e22dcd695fe762a7b21284c4d59865a94c3d;G33:98b01d10c4edd9d0faf2ed8f7f835175ff8fe642ba6c31ded4eaaefc3b8a4c6f,G00:8b875d4bcbb7b178b309c7b1edaa7dce9bbb15090e68b619fb045cec35411c66;G11:0f194b071d4c11af0e85de8acc61343f03f4ac341496909eee4507bc1be7eb1a;G12:db80b885245427ba2684dddcd267ddecb029f2daeeaa6b68fd746e5dd8ccf5e1;G13:d0adf3b7861693b51912426ba4ebb87b02be342f7c62959449abeaeb85d808c7;G21:feec048b5374d17998cb43ef0c190e57f8f19c97b3ec199a871b9614c93c270c;G22:c1189bad71c20c2583c6a692decccfee60d535588735ec8952b098575749ee0a;G23:c0f90d3e864ce29a5f7e7f3a7ea94a26083680749e6b83b1e427138f05d5767f;G31:fe38a31017473487db11188b7c9b858d4c54298be674a52d6bb81031bd3b06fc;G32:0d85979a75ed02d9033fa3977e06585483e5ca9e3235049d23ac0bdfc5b1cb2d;G33:11803b8b934a768075f2aae7ca6830e18848c960775d95db74b3636a91b50259,"is_primary_scenario=true;valid_scenario=true;monthly=5bps;weekly=10bps;LO_borrow=0%;LS_borrow=1%;portfolio_mode=long_only;aggregate=median,p10,p90",G00/artifacts/nav.parquet;G00/artifacts/rebalances.parquet;G00/summary.csv;G11/artifacts/nav.parquet;G11/artifacts/rebalances.parquet;G11/summary.csv;G12/artifacts/nav.parquet;G12/artifacts/rebalances.parquet;G12/summary.csv;G13/artifacts/nav.parquet;G13/artifacts/rebalances.parquet;G13/summary.csv;G21/artifacts/nav.parquet;G21/artifacts/rebalances.parquet;G21/summary.csv;G22/artifacts/nav.parquet;G22/artifacts/rebalances.parquet;G22/summary.csv;G23/artifacts/nav.parquet;G23/artifacts/rebalances.parquet;G23/summary.csv;G31/artifacts/nav.parquet;G31/artifacts/rebalances.parquet;G31/summary.csv;G32/artifacts/nav.parquet;G32/artifacts/rebalances.parquet;G32/summary.csv;G33/artifacts/nav.parquet;G33/artifacts/rebalances.parquet;G33/summary.csv;benchmark_daily.parquet;risk_free_daily.parquet,449a6b5649399bf9ea852df1132991a3c6dfd296b6c083879f089a24d0b030f8,sp500-pit-free-research-2013warmup-2018eval-2026-v3-final-candidate,453823,731027a5cd97bfbf9c50451f851b7d7471257852018e352c27c960063801a751
overview-active-long-short.png,overview-active,G00;G11;G12;G13;G21;G22;G23;G31;G32;G33,g00-frozen-v3-v1;g11-frozen-v3-v1;g12-frozen-v3-v2;g13-frozen-v3-v2;g21-frozen-v3-v1;g22-frozen-v3-v2;g23-frozen-v3-v1;g31-frozen-v3-v1;g32-frozen-v3-v1;g33-frozen-v3-v1,c7dd59ddf6db8c7462254b67d917b947c02ab9929e8c32a8e70db037964f97a6,G00:32832d1ac0dea2822539803962eab86f426288d0c59e16dbb5a55d7187c1ae20;G11:22eac8960c2c4a8516f2b0cdf12fea653ff7e81e981f59635ea10a1a23981cb5;G12:a3d5708d143d79c3ab51d0472c05f3f16398364e98a796d679630b7e07867dce;G13:5b4ec84726ad8acab886758664e21b51440eb43f223da85eb266341db4d5203d;G21:3ff869c41823fc15f2feb4c057f43400aceca0f70978f4cd3b47135db7d6d8b9;G22:534ff33b43693d7adce4a4a5beeb3d600f26fb0091efe43c5e9903b07b2298ae;G23:96c8608f498b7fb68e5192609d7163a22748e428bd18cca71073dc741c357c11;G31:f9079b2aaff1640d874f6dba762055e1ce2037ba24c7523d6735a7bc4b9f393a;G32:64c2ec8c2f7c3dd4b8b60786ea16e22dcd695fe762a7b21284c4d59865a94c3d;G33:98b01d10c4edd9d0faf2ed8f7f835175ff8fe642ba6c31ded4eaaefc3b8a4c6f,G00:8b875d4bcbb7b178b309c7b1edaa7dce9bbb15090e68b619fb045cec35411c66;G11:0f194b071d4c11af0e85de8acc61343f03f4ac341496909eee4507bc1be7eb1a;G12:db80b885245427ba2684dddcd267ddecb029f2daeeaa6b68fd746e5dd8ccf5e1;G13:d0adf3b7861693b51912426ba4ebb87b02be342f7c62959449abeaeb85d808c7;G21:feec048b5374d17998cb43ef0c190e57f8f19c97b3ec199a871b9614c93c270c;G22:c1189bad71c20c2583c6a692decccfee60d535588735ec8952b098575749ee0a;G23:c0f90d3e864ce29a5f7e7f3a7ea94a26083680749e6b83b1e427138f05d5767f;G31:fe38a31017473487db11188b7c9b858d4c54298be674a52d6bb81031bd3b06fc;G32:0d85979a75ed02d9033fa3977e06585483e5ca9e3235049d23ac0bdfc5b1cb2d;G33:11803b8b934a768075f2aae7ca6830e18848c960775d95db74b3636a91b50259,"is_primary_scenario=true;valid_scenario=true;monthly=5bps;weekly=10bps;LO_borrow=0%;LS_borrow=1%;portfolio_mode=long_short;aggregate=median,p10,p90",G00/artifacts/nav.parquet;G00/artifacts/rebalances.parquet;G00/summary.csv;G11/artifacts/nav.parquet;G11/artifacts/rebalances.parquet;G11/summary.csv;G12/artifacts/nav.parquet;G12/artifacts/rebalances.parquet;G12/summary.csv;G13/artifacts/nav.parquet;G13/artifacts/rebalances.parquet;G13/summary.csv;G21/artifacts/nav.parquet;G21/artifacts/rebalances.parquet;G21/summary.csv;G22/artifacts/nav.parquet;G22/artifacts/rebalances.parquet;G22/summary.csv;G23/artifacts/nav.parquet;G23/artifacts/rebalances.parquet;G23/summary.csv;G31/artifacts/nav.parquet;G31/artifacts/rebalances.parquet;G31/summary.csv;G32/artifacts/nav.parquet;G32/artifacts/rebalances.parquet;G32/summary.csv;G33/artifacts/nav.parquet;G33/artifacts/rebalances.parquet;G33/summary.csv;benchmark_daily.parquet;risk_free_daily.parquet,449a6b5649399bf9ea852df1132991a3c6dfd296b6c083879f089a24d0b030f8,sp500-pit-free-research-2013warmup-2018eval-2026-v3-final-candidate,407961,c80820abc3beaaef07f9eed64841ce731df06e1d5f878085a039c114135a3c6d
overview-nav-long-only.png,overview-nav,G00;G11;G12;G13;G21;G22;G23;G31;G32;G33,g00-frozen-v3-v1;g11-frozen-v3-v1;g12-frozen-v3-v2;g13-frozen-v3-v2;g21-frozen-v3-v1;g22-frozen-v3-v2;g23-frozen-v3-v1;g31-frozen-v3-v1;g32-frozen-v3-v1;g33-frozen-v3-v1,c7dd59ddf6db8c7462254b67d917b947c02ab9929e8c32a8e70db037964f97a6,G00:32832d1ac0dea2822539803962eab86f426288d0c59e16dbb5a55d7187c1ae20;G11:22eac8960c2c4a8516f2b0cdf12fea653ff7e81e981f59635ea10a1a23981cb5;G12:a3d5708d143d79c3ab51d0472c05f3f16398364e98a796d679630b7e07867dce;G13:5b4ec84726ad8acab886758664e21b51440eb43f223da85eb266341db4d5203d;G21:3ff869c41823fc15f2feb4c057f43400aceca0f70978f4cd3b47135db7d6d8b9;G22:534ff33b43693d7adce4a4a5beeb3d600f26fb0091efe43c5e9903b07b2298ae;G23:96c8608f498b7fb68e5192609d7163a22748e428bd18cca71073dc741c357c11;G31:f9079b2aaff1640d874f6dba762055e1ce2037ba24c7523d6735a7bc4b9f393a;G32:64c2ec8c2f7c3dd4b8b60786ea16e22dcd695fe762a7b21284c4d59865a94c3d;G33:98b01d10c4edd9d0faf2ed8f7f835175ff8fe642ba6c31ded4eaaefc3b8a4c6f,G00:8b875d4bcbb7b178b309c7b1edaa7dce9bbb15090e68b619fb045cec35411c66;G11:0f194b071d4c11af0e85de8acc61343f03f4ac341496909eee4507bc1be7eb1a;G12:db80b885245427ba2684dddcd267ddecb029f2daeeaa6b68fd746e5dd8ccf5e1;G13:d0adf3b7861693b51912426ba4ebb87b02be342f7c62959449abeaeb85d808c7;G21:feec048b5374d17998cb43ef0c190e57f8f19c97b3ec199a871b9614c93c270c;G22:c1189bad71c20c2583c6a692decccfee60d535588735ec8952b098575749ee0a;G23:c0f90d3e864ce29a5f7e7f3a7ea94a26083680749e6b83b1e427138f05d5767f;G31:fe38a31017473487db11188b7c9b858d4c54298be674a52d6bb81031bd3b06fc;G32:0d85979a75ed02d9033fa3977e06585483e5ca9e3235049d23ac0bdfc5b1cb2d;G33:11803b8b934a768075f2aae7ca6830e18848c960775d95db74b3636a91b50259,"is_primary_scenario=true;valid_scenario=true;monthly=5bps;weekly=10bps;LO_borrow=0%;LS_borrow=1%;portfolio_mode=long_only;aggregate=median,p10,p90",G00/artifacts/nav.parquet;G00/artifacts/rebalances.parquet;G00/summary.csv;G11/artifacts/nav.parquet;G11/artifacts/rebalances.parquet;G11/summary.csv;G12/artifacts/nav.parquet;G12/artifacts/rebalances.parquet;G12/summary.csv;G13/artifacts/nav.parquet;G13/artifacts/rebalances.parquet;G13/summary.csv;G21/artifacts/nav.parquet;G21/artifacts/rebalances.parquet;G21/summary.csv;G22/artifacts/nav.parquet;G22/artifacts/rebalances.parquet;G22/summary.csv;G23/artifacts/nav.parquet;G23/artifacts/rebalances.parquet;G23/summary.csv;G31/artifacts/nav.parquet;G31/artifacts/rebalances.parquet;G31/summary.csv;G32/artifacts/nav.parquet;G32/artifacts/rebalances.parquet;G32/summary.csv;G33/artifacts/nav.parquet;G33/artifacts/rebalances.parquet;G33/summary.csv;benchmark_daily.parquet;risk_free_daily.parquet,449a6b5649399bf9ea852df1132991a3c6dfd296b6c083879f089a24d0b030f8,sp500-pit-free-research-2013warmup-2018eval-2026-v3-final-candidate,857159,b27e23f2fffe618791835027d11764fdb23cc71d18fc7f044afbbd35d08e58b2
overview-nav-long-short.png,overview-nav,G00;G11;G12;G13;G21;G22;G23;G31;G32;G33,g00-frozen-v3-v1;g11-frozen-v3-v1;g12-frozen-v3-v2;g13-frozen-v3-v2;g21-frozen-v3-v1;g22-frozen-v3-v2;g23-frozen-v3-v1;g31-frozen-v3-v1;g32-frozen-v3-v1;g33-frozen-v3-v1,c7dd59ddf6db8c7462254b67d917b947c02ab9929e8c32a8e70db037964f97a6,G00:32832d1ac0dea2822539803962eab86f426288d0c59e16dbb5a55d7187c1ae20;G11:22eac8960c2c4a8516f2b0cdf12fea653ff7e81e981f59635ea10a1a23981cb5;G12:a3d5708d143d79c3ab51d0472c05f3f16398364e98a796d679630b7e07867dce;G13:5b4ec84726ad8acab886758664e21b51440eb43f223da85eb266341db4d5203d;G21:3ff869c41823fc15f2feb4c057f43400aceca0f70978f4cd3b47135db7d6d8b9;G22:534ff33b43693d7adce4a4a5beeb3d600f26fb0091efe43c5e9903b07b2298ae;G23:96c8608f498b7fb68e5192609d7163a22748e428bd18cca71073dc741c357c11;G31:f9079b2aaff1640d874f6dba762055e1ce2037ba24c7523d6735a7bc4b9f393a;G32:64c2ec8c2f7c3dd4b8b60786ea16e22dcd695fe762a7b21284c4d59865a94c3d;G33:98b01d10c4edd9d0faf2ed8f7f835175ff8fe642ba6c31ded4eaaefc3b8a4c6f,G00:8b875d4bcbb7b178b309c7b1edaa7dce9bbb15090e68b619fb045cec35411c66;G11:0f194b071d4c11af0e85de8acc61343f03f4ac341496909eee4507bc1be7eb1a;G12:db80b885245427ba2684dddcd267ddecb029f2daeeaa6b68fd746e5dd8ccf5e1;G13:d0adf3b7861693b51912426ba4ebb87b02be342f7c62959449abeaeb85d808c7;G21:feec048b5374d17998cb43ef0c190e57f8f19c97b3ec199a871b9614c93c270c;G22:c1189bad71c20c2583c6a692decccfee60d535588735ec8952b098575749ee0a;G23:c0f90d3e864ce29a5f7e7f3a7ea94a26083680749e6b83b1e427138f05d5767f;G31:fe38a31017473487db11188b7c9b858d4c54298be674a52d6bb81031bd3b06fc;G32:0d85979a75ed02d9033fa3977e06585483e5ca9e3235049d23ac0bdfc5b1cb2d;G33:11803b8b934a768075f2aae7ca6830e18848c960775d95db74b3636a91b50259,"is_primary_scenario=true;valid_scenario=true;monthly=5bps;weekly=10bps;LO_borrow=0%;LS_borrow=1%;portfolio_mode=long_short;aggregate=median,p10,p90",G00/artifacts/nav.parquet;G00/artifacts/rebalances.parquet;G00/summary.csv;G11/artifacts/nav.parquet;G11/artifacts/rebalances.parquet;G11/summary.csv;G12/artifacts/nav.parquet;G12/artifacts/rebalances.parquet;G12/summary.csv;G13/artifacts/nav.parquet;G13/artifacts/rebalances.parquet;G13/summary.csv;G21/artifacts/nav.parquet;G21/artifacts/rebalances.parquet;G21/summary.csv;G22/artifacts/nav.parquet;G22/artifacts/rebalances.parquet;G22/summary.csv;G23/artifacts/nav.parquet;G23/artifacts/rebalances.parquet;G23/summary.csv;G31/artifacts/nav.parquet;G31/artifacts/rebalances.parquet;G31/summary.csv;G32/artifacts/nav.parquet;G32/artifacts/rebalances.parquet;G32/summary.csv;G33/artifacts/nav.parquet;G33/artifacts/rebalances.parquet;G33/summary.csv;benchmark_daily.parquet;risk_free_daily.parquet,449a6b5649399bf9ea852df1132991a3c6dfd296b6c083879f089a24d0b030f8,sp500-pit-free-research-2013warmup-2018eval-2026-v3-final-candidate,806429,5e9a13e6fcdef08fdb9b70f5b0a07b52ba1c95e7d0d29c0c787f5a18c0de8dbc
timing-value.png,timing-value,G00;G11;G12;G13;G31;G32;G33,g00-frozen-v3-v1;g11-frozen-v3-v1;g12-frozen-v3-v2;g13-frozen-v3-v2;g31-frozen-v3-v1;g32-frozen-v3-v1;g33-frozen-v3-v1,ce0ac87091d07c3aeacef91aeb757d8ae838e7521c201a97ab2d0ea469b8b0ad,G00:32832d1ac0dea2822539803962eab86f426288d0c59e16dbb5a55d7187c1ae20;G11:22eac8960c2c4a8516f2b0cdf12fea653ff7e81e981f59635ea10a1a23981cb5;G12:a3d5708d143d79c3ab51d0472c05f3f16398364e98a796d679630b7e07867dce;G13:5b4ec84726ad8acab886758664e21b51440eb43f223da85eb266341db4d5203d;G31:f9079b2aaff1640d874f6dba762055e1ce2037ba24c7523d6735a7bc4b9f393a;G32:64c2ec8c2f7c3dd4b8b60786ea16e22dcd695fe762a7b21284c4d59865a94c3d;G33:98b01d10c4edd9d0faf2ed8f7f835175ff8fe642ba6c31ded4eaaefc3b8a4c6f,G00:8b875d4bcbb7b178b309c7b1edaa7dce9bbb15090e68b619fb045cec35411c66;G11:0f194b071d4c11af0e85de8acc61343f03f4ac341496909eee4507bc1be7eb1a;G12:db80b885245427ba2684dddcd267ddecb029f2daeeaa6b68fd746e5dd8ccf5e1;G13:d0adf3b7861693b51912426ba4ebb87b02be342f7c62959449abeaeb85d808c7;G31:fe38a31017473487db11188b7c9b858d4c54298be674a52d6bb81031bd3b06fc;G32:0d85979a75ed02d9033fa3977e06585483e5ca9e3235049d23ac0bdfc5b1cb2d;G33:11803b8b934a768075f2aae7ca6830e18848c960775d95db74b3636a91b50259,"is_primary_scenario=true;valid_scenario=true;monthly=5bps;weekly=10bps;LO_borrow=0%;LS_borrow=1%;portfolio_mode=long_only;frequency=all;signal=all;top_n=all;paths_per_group=18;controls=fixed-average,fixed-same-vol",G00/artifacts/nav.parquet;G00/artifacts/rebalances.parquet;G00/summary.csv;G11/artifacts/nav.parquet;G11/artifacts/rebalances.parquet;G11/summary.csv;G12/artifacts/nav.parquet;G12/artifacts/rebalances.parquet;G12/summary.csv;G13/artifacts/nav.parquet;G13/artifacts/rebalances.parquet;G13/summary.csv;G31/artifacts/nav.parquet;G31/artifacts/rebalances.parquet;G31/summary.csv;G32/artifacts/nav.parquet;G32/artifacts/rebalances.parquet;G32/summary.csv;G33/artifacts/nav.parquet;G33/artifacts/rebalances.parquet;G33/summary.csv;benchmark_daily.parquet;risk_free_daily.parquet,f30f4e2b0b66e5da7e275fbde223ab3d198df31ad9940274ee650569bca0779b,sp500-pit-free-research-2013warmup-2018eval-2026-v3-final-candidate,592322,afffa5095f78428f18ddeec049b103e6a51f4e386b86542c4a6e8f5a457462ed
