observations_factor,total_return_factor,cagr_factor,annualized_volatility_factor,sharpe_zero_rf_factor,sharpe_excess_rf_factor,sortino_factor,max_drawdown_factor,max_drawdown_duration_factor,calmar_factor,average_l1_turnover_factor,annualized_l1_turnover_factor,total_cost_factor,corporate_action_events_applied_factor,valuation_fallback_count_factor,valuation_fallback_sid_count_factor,unfilled_execution_count_factor,skipped_signed_rebalance_count_factor,average_target_risk_allocation_factor,minimum_target_risk_allocation_factor,maximum_target_risk_allocation_factor,below_full_investment_fraction_factor,leveraged_rebalance_fraction_factor,average_actual_risky_weight_factor,average_long_exposure_factor,average_short_exposure_factor,average_gross_exposure_factor,average_net_exposure_factor,total_short_borrow_fee_factor,factor_id,frequency,top_k_factor,cost_bps,path_type_factor,observations_eligible_ew,total_return_eligible_ew,cagr_eligible_ew,annualized_volatility_eligible_ew,sharpe_zero_rf_eligible_ew,sharpe_excess_rf_eligible_ew,sortino_eligible_ew,max_drawdown_eligible_ew,max_drawdown_duration_eligible_ew,calmar_eligible_ew,average_l1_turnover_eligible_ew,annualized_l1_turnover_eligible_ew,total_cost_eligible_ew,corporate_action_events_applied_eligible_ew,valuation_fallback_count_eligible_ew,valuation_fallback_sid_count_eligible_ew,unfilled_execution_count_eligible_ew,skipped_signed_rebalance_count_eligible_ew,average_target_risk_allocation_eligible_ew,minimum_target_risk_allocation_eligible_ew,maximum_target_risk_allocation_eligible_ew,below_full_investment_fraction_eligible_ew,leveraged_rebalance_fraction_eligible_ew,average_actual_risky_weight_eligible_ew,average_long_exposure_eligible_ew,average_short_exposure_eligible_ew,average_gross_exposure_eligible_ew,average_net_exposure_eligible_ew,total_short_borrow_fee_eligible_ew,top_k_eligible_ew,path_type_eligible_ew,active_terminal_return,active_cagr,active_sharpe,active_mdd
2134.0,4.538158148117774,0.22400333269421258,0.28344052420536126,0.8559425911029482,0.7576444339754215,1.0525554731362543,-0.3622607604045761,577.0,0.6183483202653349,0.3185375524357249,16.701279131644043,0.0,2.0,0.0,0.0,0.0,0.0,1.0,1.0,1.0,0.0,0.0,0.9999870099572903,0.9999870099572903,0.0,0.9999870099572903,0.9999870099572903,0.0,XS001_MOM_255_0,weekly,20,0,factor_topk,2134.0,1.5534075372431602,0.11705882081529584,0.1994580706146693,0.6552356713151266,0.515444688516153,0.7229919274143145,-0.3999143652645285,488.0,0.29270971733627466,0.030111755164824856,1.5787929062239565,0.0,57.0,76.0,31.0,26.0,0.0,1.0,1.0,1.0,0.0,0.0,0.9998703758105816,0.9998703758105816,0.0,0.9998703758105816,0.9998703758105816,0.0,0,eligible_ew,2.984750610874614,0.10694451187891674,0.24219974545926848,0.037653604859952394
2134.0,4.16001718014111,0.2138237148404274,0.28343680189308673,0.8264682851936945,0.7281679965222096,1.010348154654979,-0.37158058102885483,588.0,0.5754437281097395,0.3185375524357249,16.701279131644043,0.10107488058822037,2.0,0.0,0.0,0.0,0.0,1.0,1.0,1.0,0.0,0.0,0.9999870099572903,0.9999870099572903,0.0,0.9999870099572903,0.9999870099572903,0.0,XS001_MOM_255_0,weekly,20,5,factor_topk,2134.0,1.536394972931431,0.11617734333633822,0.19945974454524926,0.6512732442373361,0.5114840066150169,0.7173118889368802,-0.400015498501484,488.0,0.29043210518481255,0.030111755164824852,1.5787929062239563,0.010267294235959904,57.0,76.0,31.0,26.0,0.0,1.0,1.0,1.0,0.0,0.0,0.9998703758105816,0.9998703758105816,0.0,0.9998703758105816,0.9998703758105816,0.0,0,eligible_ew,2.623622207209679,0.09764637150408917,0.21668398990719273,0.028434917472629162
2134.0,3.8076305880572257,0.20372684194989388,0.28343772184875926,0.7969801516092823,0.6986793296352907,0.9682308166824327,-0.3807661296628383,589.0,0.5350445485534399,0.3185375524357249,16.701279131644043,0.19379431111994438,2.0,0.0,0.0,0.0,0.0,1.0,1.0,1.0,0.0,0.0,0.9999870099572903,0.9999870099572903,0.0,0.9999870099572903,0.9999870099572903,0.0,XS001_MOM_255_0,weekly,20,10,factor_topk,2134.0,1.5194948721569168,0.11529651512628325,0.19946161473770746,0.64731024674011,0.5075228912175869,0.7116337491656749,-0.40011661835077483,488.0,0.2881572767497623,0.03011175516482485,1.578792906223956,0.020454940971730288,57.0,76.0,31.0,26.0,0.0,1.0,1.0,1.0,0.0,0.0,0.9998703758105816,0.9998703758105816,0.0,0.9998703758105816,0.9998703758105816,0.0,0,eligible_ew,2.288135715900309,0.08843032682361063,0.1911564384177038,0.01935048868793654
2134.0,3.173240437721801,0.1837787076586015,0.28345348815505883,0.7379681996902617,0.6396711059175213,0.8842712165087724,-0.39874201154220745,613.0,0.4608962746308166,0.3185375524357249,16.701279131644043,0.3566810889136305,2.0,0.0,0.0,0.0,0.0,1.0,1.0,1.0,0.0,0.0,0.9999870099572903,0.9999870099572903,0.0,0.9999870099572903,0.9999870099572903,0.0,XS001_MOM_255_0,weekly,20,20,factor_topk,2134.0,1.4860291134700572,0.11353680462225246,0.19946594388559774,0.6393825874196194,0.4995994067984448,0.7002831775203935,-0.400318817891647,488.0,0.2836159569520489,0.030111755164824856,1.5787929062239565,0.040593552857108944,57.0,76.0,31.0,26.0,0.0,1.0,1.0,1.0,0.0,0.0,0.9998703758105816,0.9998703758105816,0.0,0.9998703758105816,0.9998703758105816,0.0,0,eligible_ew,1.6872113242517437,0.07024190303634903,0.14007169911907652,0.0015768063494395745
2134.0,5.166173407787273,0.23962822185734312,0.28799702449655157,0.8909042297091044,0.7941399245055769,1.1098474020936504,-0.36831978699315426,481.0,0.6505982852933093,0.664498373154777,8.003873563060163,0.0,2.0,0.0,0.0,0.0,0.0,1.0,1.0,1.0,0.0,0.0,0.9996195353715437,0.9996195353715437,0.0,0.9996195353715437,0.9996195353715437,0.0,XS001_MOM_255_0,monthly,20,0,factor_topk,2134.0,1.4623009238885207,0.11227641716818759,0.19781135864060195,0.637353907885834,0.49640322019805383,0.6945858571508412,-0.39657413706368316,488.0,0.28311583301802123,0.07072961806575727,0.8519372552775186,0.0,57.0,76.0,31.0,5.0,0.0,1.0,1.0,1.0,0.0,0.0,0.9994609344994081,0.9994609344994081,0.0,0.9994609344994081,0.9994609344994081,0.0,0,eligible_ew,3.7038724838987522,0.12735180468915552,0.2977367043075231,0.0282543500705289
2134.0,4.960670324649793,0.23467633356850537,0.28797244722025617,0.877046582108996,0.7802739644208848,1.0898212947977173,-0.3729287647999907,482.0,0.6292792504068896,0.664498373154777,8.003873563060163,0.05891525950429363,2.0,0.0,0.0,0.0,0.0,1.0,1.0,1.0,0.0,0.0,0.9996195353715437,0.9996195353715437,0.0,0.9996195353715437,0.9996195353715437,0.0,XS001_MOM_255_0,monthly,20,5,factor_topk,2134.0,1.4534344549271045,0.11180270010915039,0.19781210938463306,0.6351979998180943,0.49424815565331504,0.6915156851373206,-0.39658930031359096,488.0,0.2819105306692485,0.07072961806575725,0.8519372552775185,0.005300980227976904,57.0,76.0,31.0,5.0,0.0,1.0,1.0,1.0,0.0,0.0,0.9994609344994081,0.9994609344994081,0.0,0.9994609344994081,0.9994609344994081,0.0,0,eligible_ew,3.507235869722688,0.12287363345935498,0.2860258087675698,0.023660535513600256
2134.0,4.761945927388978,0.22974245672780835,0.28795267324532514,0.8631721702156455,0.7663928527515889,1.0698014339890785,-0.3775060907434099,497.0,0.6085794702686369,0.664498373154777,8.003873563060163,0.11537436346085227,2.0,0.0,0.0,0.0,0.0,1.0,1.0,1.0,0.0,0.0,0.9996195353715437,0.9996195353715437,0.0,0.9996195353715437,0.9996195353715437,0.0,XS001_MOM_255_0,monthly,20,10,factor_topk,2134.0,1.4445990525981527,0.11132913860950322,0.1978130670477726,0.6330414459313611,0.49209259262240623,0.6884458453671658,-0.3966044635634991,488.0,0.28070571271238015,0.07072961806575725,0.8519372552775185,0.010580107879124806,57.0,76.0,31.0,5.0,0.0,1.0,1.0,1.0,0.0,0.0,0.9994609344994081,0.9994609344994081,0.0,0.9994609344994081,0.9994609344994081,0.0,0,eligible_ew,3.3173468747908252,0.11841331811830513,0.2743002601291826,0.019098372820089193
2134.0,4.383955194407394,0.21992850092404526,0.2879275389176752,0.8353758081136031,0.7385879330036729,1.02978352874584,-0.3872995021427822,563.0,0.5678512358194724,0.664498373154777,8.003873563060163,0.22128665877415515,2.0,0.0,0.0,0.0,0.0,1.0,1.0,1.0,0.0,0.0,0.9996195353715437,0.9996195353715437,0.0,0.9996195353715437,0.9996195353715437,0.0,XS001_MOM_255_0,monthly,20,20,factor_topk,2134.0,1.4270210230032632,0.11038248204542689,0.19781560311870713,0.6287264278523594,0.48777999821484724,0.6823071718470497,-0.3966347900633156,488.0,0.27829752913960554,0.07072961806575727,0.8519372552775186,0.021073129852690484,57.0,76.0,31.0,5.0,0.0,1.0,1.0,1.0,0.0,0.0,0.9994609344994081,0.9994609344994081,0.0,0.9994609344994081,0.9994609344994081,0.0,0,eligible_ew,2.9569341714041304,0.10954601887861837,0.2508079347888256,0.009335287920533397
2134.0,3.8390811422199373,0.20465405987516516,0.2972227144891866,0.7759954230081142,0.6822353116452018,0.951071329913726,-0.4320679506969769,582.0,0.4736617459013886,0.3420757852991816,17.93541493231248,0.0,2.0,1.0,1.0,1.0,0.0,1.0,1.0,1.0,0.0,0.0,0.9998377082297665,0.9998377082297665,0.0,0.9998377082297665,0.9998377082297665,0.0,XS002_MOM_12_1,weekly,20,0,factor_topk,2134.0,1.551657007640892,0.11696835951687001,0.1993186217189555,0.6551479931504677,0.5152592456034469,0.7226335519875051,-0.3998417917129534,488.0,0.29253660307935403,0.030079034706385857,1.5770773360956425,0.0,58.0,76.0,31.0,34.0,0.0,1.0,1.0,1.0,0.0,0.0,0.999834291776703,0.999834291776703,0.0,0.999834291776703,0.999834291776703,0.0,0,eligible_ew,2.2874241345790454,0.08768570035829515,0.16697606604175486,-0.03222615898402348
2134.0,3.485168890540576,0.1938982582153601,0.2972241747239241,0.7458023295419561,0.6520426974851117,0.9078674355587272,-0.4408627413116101,592.0,0.4398154800709484,0.3420757852991816,17.93541493231248,0.10927796437629222,2.0,1.0,1.0,1.0,0.0,1.0,1.0,1.0,0.0,0.0,0.9998377082297665,0.9998377082297665,0.0,0.9998377082297665,0.9998377082297665,0.0,XS002_MOM_12_1,weekly,20,5,factor_topk,2134.0,1.534674518499838,0.11608791079873004,0.1993204386775261,0.6511867940538238,0.5112998925970957,0.7169559640792038,-0.3999440138982596,488.0,0.2902604033680105,0.030079034706385857,1.5770773360956425,0.01025977507098171,58.0,76.0,31.0,34.0,0.0,1.0,1.0,1.0,0.0,0.0,0.999834291776703,0.999834291776703,0.0,0.999834291776703,0.999834291776703,0.0,0,eligible_ew,1.9504943720407382,0.07781034741663007,0.14074280488801594,-0.04091872741335045
2134.0,3.157074915201754,0.18323628730566477,0.297230830180376,0.7155970247899377,0.6218394930184253,0.8647556198439317,-0.449523191579825,592.0,0.40762365710585635,0.3420757852991816,17.93541493231248,0.20899374702247042,2.0,1.0,1.0,1.0,0.0,1.0,1.0,1.0,0.0,0.0,0.9998377082297665,0.9998377082297665,0.0,0.9998377082297665,0.9998377082297665,0.0,XS002_MOM_12_1,weekly,20,10,factor_topk,2134.0,1.517804171109732,0.11520810981500595,0.19932245190608833,0.6472250298613131,0.5073401116294018,0.7112802868035617,-0.4000462224089847,488.0,0.28798699590574733,0.030079034706385857,1.5770773360956425,0.02044004956360216,58.0,76.0,31.0,34.0,0.0,1.0,1.0,1.0,0.0,0.0,0.999834291776703,0.999834291776703,0.0,0.999834291776703,0.999834291776703,0.0,0,eligible_ew,1.639270744092022,0.06802817749065881,0.11449938138902349,-0.049476969170840324
2134.0,2.5709633814835446,0.16219064640719028,0.2972597250902203,0.6551561244600983,0.5614076546378054,0.7788152164378017,-0.4664491362320198,613.0,0.34771346714749596,0.3420757852991816,17.93541493231248,0.38278573694125456,2.0,1.0,1.0,1.0,0.0,1.0,1.0,1.0,0.0,0.0,0.9998377082297665,0.9998377082297665,0.0,0.9998377082297665,0.9998377082297665,0.0,XS002_MOM_12_1,weekly,20,20,factor_topk,2134.0,1.4843969655112947,0.11345044916673963,0.1993270671488203,0.6392998531507299,0.4994193127007288,0.6999346757915195,-0.40025059841214095,488.0,0.28344854352951865,0.030079034706385857,1.5770773360956425,0.04056435098521188,58.0,76.0,31.0,34.0,0.0,1.0,1.0,1.0,0.0,0.0,0.999834291776703,0.999834291776703,0.0,0.999834291776703,0.999834291776703,0.0,0,eligible_ew,1.08656641597225,0.048740197240450645,0.061988341937076585,-0.06619853781987883
2134.0,3.912119996544467,0.20678703912475016,0.2959521585653554,0.7841366377223226,0.6899743226697843,0.9584991881552242,-0.3942422225996963,363.0,0.5245177387677132,0.6829962832183873,8.226680629730753,0.0,3.0,5.0,2.0,0.0,0.0,1.0,1.0,1.0,0.0,0.0,0.9996238214069627,0.9996238214069627,0.0,0.9996238214069627,0.9996238214069627,0.0,XS002_MOM_12_1,monthly,20,0,factor_topk,2134.0,1.4599470038186029,0.11215079896259117,0.19769335333274674,0.6370446532217786,0.4960100097622943,0.6939539172337381,-0.3965804465429851,488.0,0.2827945753256779,0.0705694646205045,0.8500082092809031,0.0,58.0,76.0,31.0,7.0,0.0,1.0,1.0,1.0,0.0,0.0,0.9994128951657669,0.9994128951657669,0.0,0.9994128951657669,0.9994128951657669,0.0,0,eligible_ew,2.452172992725864,0.09463624016215899,0.19396431290749,0.002338223943288753
2134.0,3.7439317303214112,0.2018323805594595,0.29594147853958214,0.770243786438558,0.6760780359872284,0.9386790070901636,-0.39446253420401167,364.0,0.5116642597420267,0.6829962832183873,8.226680629730753,0.05104662721276504,3.0,5.0,2.0,0.0,0.0,1.0,1.0,1.0,0.0,0.0,0.9996238214069627,0.9996238214069627,0.0,0.9996238214069627,0.9996238214069627,0.0,XS002_MOM_12_1,monthly,20,5,factor_topk,2134.0,1.4511090318047422,0.11167820767479797,0.19769408729034743,0.6348923778273431,0.4938585650260315,0.6908893046758728,-0.3965962465267626,488.0,0.2815916909270644,0.0705694646205045,0.8500082092809031,0.005289017121031307,58.0,76.0,31.0,7.0,0.0,1.0,1.0,1.0,0.0,0.0,0.9994128951657669,0.9994128951657669,0.0,0.9994128951657669,0.9994128951657669,0.0,0,eligible_ew,2.292822698516669,0.09015417288466154,0.1822194709611969,0.002133712322750947
2134.0,3.5814421924773283,0.19689621483913378,0.2959358082962561,0.7563371284252779,0.6621695343695163,0.9188668841726921,-0.3946828458083269,366.0,0.49887198526675797,0.6829962832183873,8.226680629730753,0.10002922774320827,3.0,5.0,2.0,0.0,0.0,1.0,1.0,1.0,0.0,0.0,0.9996238214069627,0.9996238214069627,0.0,0.9996238214069627,0.9996238214069627,0.0,XS002_MOM_12_1,monthly,20,10,factor_topk,2134.0,1.442301953876631,0.11120577108026941,0.1976950280182436,0.6327394566275901,0.4917066218930624,0.6878250235497556,-0.39661204651053983,488.0,0.28038929240469795,0.0705694646205045,0.8500082092809031,0.010556284315058303,58.0,76.0,31.0,7.0,0.0,1.0,1.0,1.0,0.0,0.0,0.9994128951657669,0.9994128951657669,0.0,0.9994128951657669,0.9994128951657669,0.0,0,eligible_ew,2.1391402386006972,0.08569044375886437,0.1704629124764539,0.0019292007022129187
2134.0,3.2728013943669065,0.1870791131817493,0.29593949805437986,0.7284852132387265,0.6343187082370023,0.8792692831124559,-0.3977981476030955,505.0,0.4702865368000862,0.6829962832183873,8.226680629730753,0.19210756375458768,3.0,5.0,2.0,0.0,0.0,1.0,1.0,1.0,0.0,0.0,0.9996238214069627,0.9996238214069627,0.0,0.9996238214069627,0.9996238214069627,0.0,XS002_MOM_12_1,monthly,20,20,factor_topk,2134.0,1.4247800588198554,0.11026136172956935,0.1976975297724668,0.6284317039133402,0.48740126750001944,0.6816974647987475,-0.3966436464780948,488.0,0.27798595214775157,0.0705694646205045,0.8500082092809031,0.021025890992283726,58.0,76.0,31.0,7.0,0.0,1.0,1.0,1.0,0.0,0.0,0.9994128951657669,0.9994128951657669,0.0,0.9994128951657669,0.9994128951657669,0.0,0,eligible_ew,1.8480213355470512,0.07681775145217995,0.14691744073698287,-0.0011545011250007065
2134.0,6.993682770155478,0.2782142797196909,0.27778106380868806,1.023225693964605,0.9229100418730142,1.3252976658866438,-0.3222264575577086,313.0,0.8634122779004408,0.4610489408513263,24.1733101658731,0.0,3.0,4.0,1.0,1.0,0.0,1.0,1.0,1.0,0.0,0.0,0.9997910053438469,0.9997910053438469,0.0,0.9997910053438469,0.9997910053438469,0.0,XS003_MOM_12_7,weekly,20,0,factor_topk,2134.0,1.5512503319021107,0.11694733609098962,0.19931834191941938,0.655054179188844,0.5151652464482894,0.7224954061530766,-0.39984179171295364,488.0,0.29248402371842636,0.030099243319319593,1.5781368962099487,0.0,58.0,76.0,31.0,34.0,0.0,1.0,1.0,1.0,0.0,0.0,0.999834291776703,0.999834291776703,0.0,0.999834291776703,0.999834291776703,0.0,0,eligible_ew,5.442432438253367,0.1612669436287013,0.40774479542472475,0.07761533415524502
2134.0,6.215886690263914,0.2628559021870702,0.27779569101699325,0.9796386979122202,0.8793277040550833,1.2604152411848248,-0.3232429154665608,336.0,0.813183799582028,0.4610489408513263,24.1733101658731,0.21467516442302417,3.0,4.0,1.0,1.0,0.0,1.0,1.0,1.0,0.0,0.0,0.9997910053438469,0.9997910053438469,0.0,0.9997910053438469,0.9997910053438469,0.0,XS003_MOM_12_7,weekly,20,5,factor_topk,2134.0,1.5342591796920004,0.11606631266502188,0.19932019218907654,0.6510902414536346,0.5112031786258175,0.7168139795126918,-0.3999440138982603,488.0,0.290206400475211,0.030099243319319586,1.5781368962099485,0.010263150459018582,58.0,76.0,31.0,34.0,0.0,1.0,1.0,1.0,0.0,0.0,0.999834291776703,0.999834291776703,0.0,0.999834291776703,0.999834291776703,0.0,0,eligible_ew,4.681627510571913,0.14678958952204835,0.36812452542926577,0.07670109843169948
2134.0,5.513593567047743,0.2476780448695286,0.2778198198379529,0.936024278011679,0.8357213830928605,1.1957380100569115,-0.32488381572910374,341.0,0.7623588276125418,0.46104894085132625,24.173310165873097,0.4022343714066915,3.0,4.0,1.0,1.0,0.0,1.0,1.0,1.0,0.0,0.0,0.9997910053438469,0.9997910053438469,0.0,0.9997910053438469,0.9997910053438469,0.0,XS003_MOM_12_7,weekly,20,10,factor_topk,2134.0,1.5173803023900008,0.11518593787443665,0.1993222387971408,0.6471257398724557,0.5072406841372804,0.7111344678868408,-0.40004622240898513,488.0,0.2879315724588368,0.030099243319319593,1.5781368962099487,0.02044671689156434,58.0,76.0,31.0,34.0,0.0,1.0,1.0,1.0,0.0,0.0,0.999834291776703,0.999834291776703,0.0,0.999834291776703,0.999834291776703,0.0,0,eligible_ew,3.9962132646577424,0.13249210699509195,0.3284806989555801,0.07516240667988139
2134.0,4.306974449122291,0.2178556149649331,0.2778965714433074,0.8487311288205539,0.7484547428285668,1.0670127232548763,-0.3294273177254118,347.0,0.6613161788438041,0.46104894085132625,24.173310165873097,0.7078308366593251,3.0,4.0,1.0,1.0,0.0,1.0,1.0,1.0,0.0,0.0,0.9997910053438469,0.9997910053438469,0.0,0.9997910053438469,0.9997910053438469,0.0,XS003_MOM_12_7,weekly,20,20,factor_topk,2134.0,1.4839564309492994,0.1134271323114664,0.19932692100371927,0.6391950921851949,0.4993144621028526,0.6997812013742603,-0.40025059841214095,488.0,0.2833902878882636,0.030099243319319586,1.5781368962099485,0.04057735588066681,58.0,76.0,31.0,34.0,0.0,1.0,1.0,1.0,0.0,0.0,0.999834291776703,0.999834291776703,0.0,0.999834291776703,0.999834291776703,0.0,0,eligible_ew,2.8230180181729914,0.10442848265346671,0.24914028072571426,0.07082328068672916
2134.0,6.541853675237945,0.2694620420602729,0.27530917117646103,1.0051306589429958,0.9038935726445244,1.2853391350217434,-0.3445726621499494,300.0,0.782018052096686,0.9232967815541848,11.121096754015355,0.0,1.0,4.0,1.0,0.0,0.0,1.0,1.0,1.0,0.0,0.0,0.99970226756531,0.99970226756531,0.0,0.99970226756531,0.99970226756531,0.0,XS003_MOM_12_7,monthly,20,0,factor_topk,2134.0,1.460347658311317,0.11217218758834235,0.19769076262759339,0.6371476769299567,0.4961111530499345,0.6941012153291648,-0.3965127807076534,488.0,0.28289677671461055,0.07049012345925117,0.8490525461089934,0.0,58.0,76.0,31.0,7.0,0.0,1.0,1.0,1.0,0.0,0.0,0.9994128951657669,0.9994128951657669,0.0,0.9994128951657669,0.9994128951657669,0.0,0,eligible_ew,5.081506016926628,0.15728985447193056,0.40778241959458994,0.051940118557703974
2134.0,6.194870241440193,0.2624210036187271,0.27528792980343975,0.9849665200445096,0.883721753301041,1.2555324295651458,-0.3448718195725602,305.0,0.7609233017182326,0.9232967815541848,11.121096754015355,0.10083006244243983,1.0,4.0,1.0,0.0,0.0,1.0,1.0,1.0,0.0,0.0,0.99970226756531,0.99970226756531,0.0,0.99970226756531,0.99970226756531,0.0,XS003_MOM_12_7,monthly,20,5,factor_topk,2134.0,1.451518166939723,0.11170011843273109,0.197691526811136,0.6349977233463628,0.4939620511290224,0.6910399472891632,-0.39652797528719874,488.0,0.2816954298163415,0.07049012345925117,0.8490525461089934,0.005285070123139267,58.0,76.0,31.0,7.0,0.0,1.0,1.0,1.0,0.0,0.0,0.9994128951657669,0.9994128951657669,0.0,0.9994128951657669,0.9994128951657669,0.0,0,eligible_ew,4.74335207450047,0.15072088518599602,0.38975970217201855,0.05165615571463855
2134.0,5.863691978241131,0.25541558943428977,0.27527619277723303,0.9647659579292946,0.8635170101746773,1.225734169107445,-0.34517097699517096,307.0,0.7399683242715482,0.9232967815541848,11.121096754015355,0.19575134884152556,1.0,4.0,1.0,0.0,0.0,1.0,1.0,1.0,0.0,0.0,0.99970226756531,0.99970226756531,0.0,0.99970226756531,0.99970226756531,0.0,XS003_MOM_12_7,monthly,20,10,factor_topk,2134.0,1.442719504020046,0.11122820355337515,0.1976924976299064,0.6328471249091364,0.4918124516733793,0.6879790101031779,-0.3965431698667433,488.0,0.28049456403637696,0.07049012345925117,0.8490525461089934,0.010548430593377147,58.0,76.0,31.0,7.0,0.0,1.0,1.0,1.0,0.0,0.0,0.9994128951657669,0.9994128951657669,0.0,0.9994128951657669,0.9994128951657669,0.0,0,eligible_ew,4.4209724742210845,0.14418738588091462,0.371704558501298,0.05137219287157235
2134.0,5.245931974727473,0.24151098218704647,0.275281235643608,0.9242639092606615,0.8230171018998148,1.166166874015075,-0.3457692918403924,336.0,0.6984743523682498,0.9232967815541848,11.121096754015355,0.36907404559136014,1.0,4.0,1.0,0.0,0.0,1.0,1.0,1.0,0.0,0.0,0.99970226756531,0.99970226756531,0.0,0.99970226756531,0.99970226756531,0.0,XS003_MOM_12_7,monthly,20,20,factor_topk,2134.0,1.4252142434770727,0.11028483638272646,0.19769505916030564,0.6285440205308468,0.48751178717600285,0.6818581374900292,-0.39657355902583336,488.0,0.27809427500319644,0.07049012345925117,0.8490525461089934,0.021010343655236036,58.0,76.0,31.0,7.0,0.0,1.0,1.0,1.0,0.0,0.0,0.9994128951657669,0.9994128951657669,0.0,0.9994128951657669,0.9994128951657669,0.0,0,eligible_ew,3.8207177312504,0.13122614580432002,0.33550531472381195,0.050804267185440954
2134.0,0.5211860554777437,0.05078427613091918,0.17522512470726323,0.37067319759256595,0.21163687549754917,0.28629560797894277,-0.331295194550697,959.0,0.15329010793468612,1.3620798617623473,71.41536624782826,0.0,14.0,7.0,4.0,1.0,0.0,1.0,1.0,1.0,0.0,0.0,0.9993242908929728,0.9993242908929728,0.0,0.9993242908929728,0.9993242908929728,0.0,XS004_HIGH_52W,weekly,20,0,factor_topk,2134.0,1.554122169073605,0.11709573478888435,0.199454936761249,0.6554100307183935,0.5156167636182927,0.7231575242327544,-0.400033944581614,488.0,0.29271449679439576,0.030111071441466394,1.578757057845732,0.0,57.0,76.0,31.0,26.0,0.0,1.0,1.0,1.0,0.0,0.0,0.9998703793863448,0.9998703793863448,0.0,0.9998703793863448,0.9998703793863448,0.0,0,eligible_ew,-1.0329361135958612,-0.06631145865796517,-0.3039798881207435,0.068738750030917
2134.0,0.12411803651607989,0.013912045279871332,0.1754016126290508,0.1668147229905105,0.007929461419046099,0.010640045174766705,-0.3827001474151861,2081.0,0.036352338439991104,1.3620798617623473,71.41536624782826,0.2610834927593264,14.0,7.0,4.0,1.0,0.0,1.0,1.0,1.0,0.0,0.0,0.9993242908929728,0.9993242908929728,0.0,0.9993242908929728,0.9993242908929728,0.0,XS004_HIGH_52W,weekly,20,5,factor_topk,2134.0,1.5371052284974307,0.1162142481885402,0.1994567097585814,0.651447424956688,0.5116559730233539,0.7174775169782135,-0.4001357488382772,488.0,0.2904370542395863,0.030111071441466394,1.578757057845732,0.010267939470783614,57.0,76.0,31.0,26.0,0.0,1.0,1.0,1.0,0.0,0.0,0.9998703793863448,0.9998703793863448,0.0,0.9998703793863448,0.9998703793863448,0.0,0,eligible_ew,-1.4129871919813508,-0.10230220290866887,-0.5037265116043078,0.017435601423091085
2134.0,-0.16948784315865228,-0.02169173658195711,0.17569672814119536,-0.036609187298119544,-0.1952361285843709,-0.25987506508806946,-0.47353685435917825,2116.0,-0.04580791628417564,1.3620798617623473,71.41536624782826,0.4516171323031774,14.0,7.0,4.0,1.0,0.0,1.0,1.0,1.0,0.0,0.0,0.9993242908929728,0.9993242908929728,0.0,0.9993242908929728,0.9993242908929728,0.0,XS004_HIGH_52W,weekly,20,10,factor_topk,2134.0,1.5202007778178905,0.11533341084779858,0.1994586789975896,0.6474842526008091,0.507694752744217,0.7117994207086135,-0.4002375395262501,488.0,0.2881624022182314,0.030111071441466394,1.578757057845732,0.02045622189042241,57.0,76.0,31.0,26.0,0.0,1.0,1.0,1.0,0.0,0.0,0.9998703793863448,0.9998703793863448,0.0,0.9998703793863448,0.9998703793863448,0.0,0,eligible_ew,-1.689688620976543,-0.1370251474297557,-0.7029308813285879,-0.07329931483292818
2134.0,-0.5469698980164022,-0.08926359141362161,0.1766402246380524,-0.4405309509180215,-0.5983263565950683,-0.7837787469241286,-0.6658745420974683,2116.0,-0.1340546691159662,1.3620798617623473,71.41536624782826,0.6916120807767744,14.0,7.0,4.0,1.0,0.0,1.0,1.0,1.0,0.0,0.0,0.9993242908929728,0.9993242908929728,0.0,0.9993242908929728,0.9993242908929728,0.0,XS004_HIGH_52W,weekly,20,20,factor_topk,2134.0,1.4867263977757297,0.11357368205454277,0.19946320617680488,0.6395562550433277,0.4997710700000146,0.7004489727721862,-0.4004410802015197,488.0,0.2836214556143627,0.030111071441466394,1.578757057845732,0.0405960768293675,57.0,76.0,31.0,26.0,0.0,1.0,1.0,1.0,0.0,0.0,0.9998703793863448,0.9998703793863448,0.0,0.9998703793863448,0.9998703793863448,0.0,0,eligible_ew,-2.033696295792132,-0.20283727346816438,-1.098097426595083,-0.26543346189594863
2134.0,1.0768693191207621,0.09013992415722138,0.17244265725572658,0.5871654454552039,0.4254983567192141,0.583533112757829,-0.2626220852111665,593.0,0.3432305553614906,1.7042561254666326,20.527741072630892,0.0,9.0,4.0,2.0,0.0,0.0,1.0,1.0,1.0,0.0,0.0,0.9973368967172075,0.9973368967172075,0.0,0.9973368967172075,0.9973368967172075,0.0,XS004_HIGH_52W,monthly,20,0,factor_topk,2134.0,1.4625880172044967,0.11229173080986588,0.19782609405620066,0.6373907193921915,0.4964505906551223,0.6946523309584817,-0.3965741370636833,488.0,0.283154447844978,0.07073253583071497,0.8519723997154159,0.0,57.0,76.0,31.0,5.0,0.0,1.0,1.0,1.0,0.0,0.0,0.9994610019855843,0.9994610019855843,0.0,0.9994610019855843,0.9994610019855843,0.0,0,eligible_ew,-0.3857186980837346,-0.02215180665264449,-0.07095223393590822,0.1339520518525168
2134.0,0.9039047804768279,0.07900329897067015,0.1723921711590631,0.5277077888761953,0.3660011296255601,0.5006107919542363,-0.26398560758229805,613.0,0.2992712356337105,1.7042561254666329,20.527741072630896,0.11942641916269882,9.0,4.0,2.0,0.0,0.0,1.0,1.0,1.0,0.0,0.0,0.9973368967172075,0.9973368967172075,0.0,0.9973368967172075,0.9973368967172075,0.0,XS004_HIGH_52W,monthly,20,5,factor_topk,2134.0,1.453720149271692,0.11181798768886231,0.19782685611022618,0.635234857799804,0.4942955801958297,0.6915822371218079,-0.3965893003135914,488.0,0.281949078304547,0.07073253583071498,0.851972399715416,0.00530081551919538,57.0,76.0,31.0,5.0,0.0,1.0,1.0,1.0,0.0,0.0,0.9994610019855843,0.9994610019855843,0.0,0.9994610019855843,0.9994610019855843,0.0,0,eligible_ew,-0.5498153687948641,-0.03281468871819215,-0.1282944505702696,0.13260369273129335
2134.0,0.745213436954983,0.06797093859353986,0.17239098954905946,0.46808138564475493,0.30638140048371554,0.417963113797666,-0.26534787641097435,640.0,0.25615783895803845,1.7042561254666326,20.527741072630892,0.22767066294057323,9.0,4.0,2.0,0.0,0.0,1.0,1.0,1.0,0.0,0.0,0.9973368967172075,0.9973368967172075,0.0,0.9973368967172075,0.9973368967172075,0.0,XS004_HIGH_52W,monthly,20,10,factor_topk,2134.0,1.4448833541196588,0.11134440014044422,0.19782782509180544,0.6330783506171317,0.4921400714631913,0.688512475882424,-0.3966044635634993,488.0,0.2807441931944297,0.07073253583071498,0.851972399715416,0.010579777860274997,57.0,76.0,31.0,5.0,0.0,1.0,1.0,1.0,0.0,0.0,0.9994610019855843,0.9994610019855843,0.0,0.9994610019855843,0.9994610019855843,0.0,0,eligible_ew,-0.6996699171646759,-0.04337346154690436,-0.18575867097947574,0.13125658715252497
2134.0,0.46607698359449357,0.046215470074386644,0.17253650157281425,0.34852715982057414,0.1869790691854856,0.2537305842911698,-0.2831069206258229,696.0,0.16324387257021092,1.7042561254666326,20.527741072630892,0.41442517354704894,9.0,4.0,2.0,0.0,0.0,1.0,1.0,1.0,0.0,0.0,0.9973368967172075,0.9973368967172075,0.0,0.9973368967172075,0.9973368967172075,0.0,XS004_HIGH_52W,monthly,20,20,factor_topk,2134.0,1.4273025572231735,0.11039769151840062,0.19783038382481288,0.6287634266317348,0.4878275862897161,0.6823739604789245,-0.3966347900633157,488.0,0.2783358754303363,0.07073253583071497,0.8519723997154159,0.021072467440600675,57.0,76.0,31.0,5.0,0.0,1.0,1.0,1.0,0.0,0.0,0.9994610019855843,0.9994610019855843,0.0,0.9994610019855843,0.9994610019855843,0.0,0,eligible_ew,-0.9612255736286799,-0.06418222144401398,-0.30084851710423055,0.11352786943749282
2134.0,2.6565658866161597,0.16544629864613447,0.3414005670544563,0.6196759339604897,0.5379790858351128,0.791987763317082,-0.6609472969274095,700.0,0.2503169305862296,1.001500773645558,52.509802512490246,0.0,3.0,16.0,3.0,4.0,0.0,1.0,1.0,1.0,0.0,0.0,0.9999996166365374,0.9999996166365374,0.0,0.9999996166365374,0.9999996166365374,0.0,XS007_ST_REV_21,weekly,20,0,factor_topk,2134.0,1.5658459191871312,0.11770002284632652,0.19933894568648172,0.658389441292252,0.5185147222124922,0.7272298075025917,-0.3997914490445448,488.0,0.29440355247120953,0.030146726211965545,1.5806264772279293,0.0,58.0,76.0,31.0,26.0,0.0,1.0,1.0,1.0,0.0,0.0,0.9998700689649116,0.9998700689649116,0.0,0.9998700689649116,0.9998700689649116,0.0,0,eligible_ew,1.0907199674290284,0.04774627579980795,0.019464363622620606,-0.2611558478828647
2134.0,1.927447499171271,0.13523771821690134,0.34139610017158184,0.5427366821767786,0.46104852290835346,0.6764688075831893,-0.6624568281576602,949.0,0.20414570801995824,1.001500773645558,52.509802512490246,0.44111297532989086,3.0,16.0,3.0,4.0,0.0,1.0,1.0,1.0,0.0,0.0,0.9999996166365374,0.9999996166365374,0.0,0.9999996166365374,0.9999996166365374,0.0,XS007_ST_REV_21,weekly,20,5,factor_topk,2134.0,1.5487306944457537,0.11681701550869561,0.19934055762587902,0.6544201490587219,0.51454713163769,0.7215398024621164,-0.3998917915443355,488.0,0.29212156382995985,0.030146726211965545,1.5806264772279293,0.01029076179677674,58.0,76.0,31.0,26.0,0.0,1.0,1.0,1.0,0.0,0.0,0.9998700689649116,0.9998700689649116,0.0,0.9998700689649116,0.9998700689649116,0.0,0,eligible_ew,0.37871680472551716,0.018420702708205727,-0.05349860872933648,-0.26256503661332464
2134.0,1.343431965958045,0.10579637095186434,0.3414254867823465,0.46574923180146766,0.38407776699092017,0.5616516531897718,-0.6639604324787656,1201.0,0.1593413790591322,1.001500773645558,52.509802512490246,0.7767910001875599,3.0,16.0,3.0,4.0,0.0,1.0,1.0,1.0,0.0,0.0,0.9999996166365374,0.9999996166365374,0.0,0.9999996166365374,0.9999996166365374,0.0,XS007_ST_REV_21,weekly,20,10,factor_topk,2134.0,1.5317287449092611,0.11593465942880932,0.19934236592124885,0.6504502803125541,0.5105791017261105,0.7158516968874995,-0.3999921208459061,488.0,0.28984235785352447,0.030146726211965545,1.5806264772279293,0.02050154512867073,58.0,76.0,31.0,26.0,0.0,1.0,1.0,1.0,0.0,0.0,0.9998700689649116,0.9998700689649116,0.0,0.9998700689649116,0.9998700689649116,0.0,0,eligible_ew,-0.18829677895121621,-0.010138288476944979,-0.12650133473519037,-0.2639683116328595
2134.0,0.5011398113275853,0.04913949671153284,0.34158577547048,0.31172141457550756,0.23010728919280427,0.3342443821251746,-0.6669499411674882,1253.0,0.07367793844544722,1.001500773645558,52.509802512490246,1.2174825911340785,3.0,16.0,3.0,4.0,0.0,1.0,1.0,1.0,0.0,0.0,0.9999996166365374,0.9999996166365374,0.0,0.9999996166365374,0.9999996166365374,0.0,XS007_ST_REV_21,weekly,20,20,factor_topk,2134.0,1.4980616988952473,0.11417189914344306,0.1993465715579524,0.6425088603429688,0.5026417708870615,0.7044811963599614,-0.4001927398595745,488.0,0.28529227987370626,0.030146726211965545,1.5806264772279293,0.040685450518563704,58.0,76.0,31.0,26.0,0.0,1.0,1.0,1.0,0.0,0.0,0.9998700689649116,0.9998700689649116,0.0,0.9998700689649116,0.9998700689649116,0.0,0,eligible_ew,-0.996921887567662,-0.06503240243191022,-0.27253448169425726,-0.2667572013079137
2134.0,1.1427151691038033,0.09416536035002476,0.31404500427424176,0.4443826337201383,0.3556025678208637,0.5086899884561266,-0.5906624008989217,1163.0,0.15942331898342552,1.8452584980515652,22.226112668189987,0.0,2.0,5.0,2.0,0.0,0.0,1.0,1.0,1.0,0.0,0.0,0.9996479515012572,0.9996479515012572,0.0,0.9996479515012572,0.9996479515012572,0.0,XS007_ST_REV_21,monthly,20,0,factor_topk,2134.0,1.472880832164042,0.11283971517548075,0.1977238624478622,0.6401127990379722,0.49909972766165894,0.6982485696426312,-0.39674455477954995,488.0,0.28441402362328533,0.0706697137358137,0.8512157084654897,0.0,58.0,76.0,31.0,5.0,0.0,1.0,1.0,1.0,0.0,0.0,0.9994533329855746,0.9994533329855746,0.0,0.9994533329855746,0.9994533329855746,0.0,0,eligible_ew,-0.33016566306023876,-0.018674354825455985,-0.14349715984079525,-0.1939178461193718
2134.0,0.950180213965581,0.08206755408488364,0.31406163267149545,0.4089677987283971,0.3201962861956743,0.45740515613249383,-0.5909802798645338,1163.0,0.13886682327825794,1.8452584980515652,22.226112668189987,0.154872921737765,2.0,5.0,2.0,0.0,0.0,1.0,1.0,1.0,0.0,0.0,0.9996479515012572,0.9996479515012572,0.0,0.9996479515012572,0.9996479515012572,0.0,XS007_ST_REV_21,monthly,20,5,factor_topk,2134.0,1.4639837946685135,0.11236615956167628,0.19772453591720424,0.6379579150222371,0.4969456293541651,0.6951800761581401,-0.396760360593694,488.0,0.28320913761026106,0.0706697137358137,0.8512157084654897,0.005301482388754414,58.0,76.0,31.0,5.0,0.0,1.0,1.0,1.0,0.0,0.0,0.9994533329855746,0.9994533329855746,0.0,0.9994533329855746,0.9994533329855746,0.0,0,eligible_ew,-0.5138035807029324,-0.03029860547679264,-0.17674934315849078,-0.1942199192708398
2134.0,0.7747898360423211,0.07009241890131279,0.3141096732232206,0.3735193566229293,0.2847652784340771,0.40622455691448767,-0.5912981588301465,1163.0,0.11853989033212466,1.8452584980515652,22.226112668189987,0.29472770294929074,2.0,5.0,2.0,0.0,0.0,1.0,1.0,1.0,0.0,0.0,0.9996479515012572,0.9996479515012572,0.0,0.9996479515012572,0.9996479515012572,0.0,XS007_ST_REV_21,monthly,20,10,factor_topk,2134.0,1.4551179046251201,0.11189275932637721,0.19772541605724442,0.6358023811185827,0.49479102846255535,0.6921119118253322,-0.3967761664078381,488.0,0.28200473919435204,0.07066971373581368,0.8512157084654896,0.010581119166317928,58.0,76.0,31.0,5.0,0.0,1.0,1.0,1.0,0.0,0.0,0.9994533329855746,0.9994533329855746,0.0,0.9994533329855746,0.9994533329855746,0.0,0,eligible_ew,-0.680328068582799,-0.04180034042506442,-0.21002575002847823,-0.1945219924223084
2134.0,0.4695239760450671,0.04650564574056948,0.31429992375585114,0.30256431137598067,0.2138716741007969,0.30423266590045617,-0.5919339167613716,1163.0,0.07856560407116774,1.8452584980515652,22.226112668189987,0.5346701251712063,2.0,5.0,2.0,0.0,0.0,1.0,1.0,1.0,0.0,0.0,0.9996479515012572,0.9996479515012572,0.0,0.9996479515012572,0.9996479515012572,0.0,XS007_ST_REV_21,monthly,20,20,factor_topk,2134.0,1.4374791413080406,0.11094642474855365,0.19772779633773171,0.6314893907599247,0.4904803460029193,0.6859765798111058,-0.396807778036126,488.0,0.27959740430907815,0.07066971373581368,0.8512157084654896,0.02107518001613293,58.0,76.0,31.0,5.0,0.0,1.0,1.0,1.0,0.0,0.0,0.9994533329855746,0.9994533329855746,0.0,0.9994533329855746,0.9994533329855746,0.0,0,eligible_ew,-0.9679551652629734,-0.06444077900798417,-0.27660867190212235,-0.19512613872524565
2134.0,0.7199407733488792,0.06613288693475239,0.27372301949163297,0.3720302425592191,0.27019932329837487,0.3699097822296256,-0.5110615286097129,1138.0,0.12940298424469493,0.4448281539928318,23.32283622022023,0.0,0.0,0.0,0.0,0.0,0.0,1.0,1.0,1.0,0.0,0.0,1.0,1.0,0.0,1.0,1.0,0.0,XS008_SAME_MONTH_5Y,weekly,20,0,factor_topk,2134.0,1.560525045999237,0.11742606661351451,0.19912238265744434,0.6576547354664258,0.5176273408615583,0.7260642722027227,-0.3997426997967638,488.0,0.29375412402331796,0.03017918394807931,1.5823282725317234,0.0,51.0,76.0,31.0,32.0,0.0,1.0,1.0,1.0,0.0,0.0,0.999853347025236,0.999853347025236,0.0,0.999853347025236,0.999853347025236,0.0,0,eligible_ew,-0.8405842726503578,-0.051293179678762124,-0.2474280175631834,-0.11131882881294908
2134.0,0.5581455634483401,0.053767294878048766,0.27370669341559956,0.3294093689925054,0.22757507366967375,0.311004813416431,-0.5197080772402916,1141.0,0.10345672355826979,0.4448281539928318,23.32283622022023,0.11394086759752745,0.0,0.0,0.0,0.0,0.0,1.0,1.0,1.0,0.0,0.0,1.0,1.0,0.0,1.0,1.0,0.0,XS008_SAME_MONTH_5Y,weekly,20,5,factor_topk,2134.0,1.5434269833370706,0.11654232547471866,0.19912412162970067,0.6536765587202984,0.5136509661628167,0.7203625599710171,-0.39984240885350275,488.0,0.2914706466702443,0.030179183948079315,1.5823282725317236,0.010356678015701322,51.0,76.0,31.0,32.0,0.0,1.0,1.0,1.0,0.0,0.0,0.999853347025236,0.999853347025236,0.0,0.999853347025236,0.999853347025236,0.0,0,eligible_ew,-0.9852814198887305,-0.06277503059666989,-0.2860758924931429,-0.1198656683867888
2134.0,0.41145279087068065,0.041534872081080865,0.27372439743298826,0.2867477569945817,0.18492274797861943,0.25227246786330765,-0.5284321573689399,1163.0,0.07860019777729407,0.44482815399283177,23.322836220220225,0.21660865127419987,0.0,0.0,0.0,0.0,0.0,1.0,1.0,1.0,0.0,0.0,1.0,1.0,0.0,1.0,1.0,0.0,XS008_SAME_MONTH_5Y,weekly,20,10,factor_topk,2134.0,1.526442199189018,0.11565923659877209,0.19912605847969478,0.6496978058317616,0.5096741538356242,0.714662746482691,-0.399942104871033,488.0,0.28918994822030064,0.030179183948079315,1.5823282725317236,0.020632822527843007,51.0,76.0,31.0,32.0,0.0,1.0,1.0,1.0,0.0,0.0,0.999853347025236,0.999853347025236,0.0,0.999853347025236,0.999853347025236,0.0,0,eligible_ew,-1.1149894083183374,-0.07412436451769122,-0.3247514058570048,-0.1284900524979069
2134.0,0.15790821142275036,0.017464246914020043,0.27386185666345986,0.20136602202861015,0.09959751704980764,0.13539814831631833,-0.5458476557349736,1163.0,0.03199472733926971,0.4448281539928318,23.32283622022023,0.39232983617393924,0.0,0.0,0.0,0.0,0.0,1.0,1.0,1.0,0.0,0.0,1.0,1.0,0.0,1.0,1.0,0.0,XS008_SAME_MONTH_5Y,weekly,20,20,factor_topk,2134.0,1.4928094908551834,0.11389501373336763,0.19913052578921106,0.6417386192191077,0.501719263817097,0.703268742449294,-0.4001414577935747,488.0,0.28463687407297816,0.030179183948079318,1.5823282725317238,0.04094580170314549,51.0,76.0,31.0,32.0,0.0,1.0,1.0,1.0,0.0,0.0,0.999853347025236,0.999853347025236,0.0,0.999853347025236,0.999853347025236,0.0,0,eligible_ew,-1.334901279432433,-0.09643076681934759,-0.40212174676728935,-0.14570619794139894
2134.0,1.1963880405998162,0.0973666918303302,0.27072447836072866,0.47969303354383913,0.376720350723886,0.5177486805397477,-0.5017140076902247,820.0,0.1940681151769789,1.805336748830814,21.745255760050252,0.0,0.0,0.0,0.0,0.0,0.0,1.0,1.0,1.0,0.0,0.0,1.0,1.0,0.0,1.0,1.0,0.0,XS008_SAME_MONTH_5Y,monthly,20,0,factor_topk,2134.0,1.473206529017475,0.11285702225923822,0.19747355031428207,0.6407494983681259,0.49955679906402767,0.6990080302196472,-0.3965127807076535,488.0,0.2846239207165608,0.07107065371732942,0.8560450249063895,0.0,51.0,76.0,31.0,5.0,0.0,1.0,1.0,1.0,0.0,0.0,0.9994844195228969,0.9994844195228969,0.0,0.9994844195228969,0.9994844195228969,0.0,0,eligible_ew,-0.27681848841765877,-0.015490330428908017,-0.12283644834014168,-0.10520122698257117
2134.0,1.003108410608316,0.0854946942555328,0.27067639817382666,0.4395323106963019,0.3365446665659975,0.46181660860543733,-0.5021881003996715,1125.0,0.17024436498493487,1.805336748830814,21.745255760050252,0.1265826840471291,0.0,0.0,0.0,0.0,0.0,1.0,1.0,1.0,0.0,0.0,1.0,1.0,0.0,1.0,1.0,0.0,XS008_SAME_MONTH_5Y,monthly,20,5,factor_topk,2134.0,1.4642579268599896,0.11238077307970484,0.19747408380642573,0.638579955065499,0.49738795000019576,0.6959187075485047,-0.39652797528719896,488.0,0.283411966074548,0.07107065371732942,0.8560450249063895,0.005363794242095566,51.0,76.0,31.0,5.0,0.0,1.0,1.0,1.0,0.0,0.0,0.9994844195228969,0.9994844195228969,0.0,0.9994844195228969,0.9994844195228969,0.0,0,eligible_ew,-0.46114951625167366,-0.026886078824172044,-0.16084328343419824,-0.10566012511247258
2134.0,0.8266840512570173,0.07374050753202943,0.2706632502471647,0.39930577609802415,0.29631646501295406,0.40599338762676657,-0.5026621931091191,1138.0,0.14669992798925632,1.805336748830814,21.745255760050252,0.2409644770014789,0.0,0.0,0.0,0.0,0.0,1.0,1.0,1.0,0.0,0.0,1.0,1.0,0.0,1.0,1.0,0.0,XS008_SAME_MONTH_5Y,monthly,20,10,factor_topk,2134.0,1.4553408332646174,0.1119046812175073,0.19747482567681243,0.6364097519359119,0.49521858999992413,0.6928297075106469,-0.39654316986674343,488.0,0.28220050103274347,0.07107065371732942,0.8560450249063895,0.010705356121514355,51.0,76.0,31.0,5.0,0.0,1.0,1.0,1.0,0.0,0.0,0.9994844195228969,0.9994844195228969,0.0,0.9994844195228969,0.9994844195228969,0.0,0,eligible_ew,-0.6286567820076001,-0.038164173685477865,-0.19890212498697007,-0.10611902324237565
2134.0,0.5186997802761799,0.05058132112695546,0.2707417580100525,0.3187175585957502,0.21576478897705448,0.2947365708049695,-0.5098590442153299,1163.0,0.09920648010628078,1.805336748830814,21.745255760050252,0.43744203589545866,0.0,0.0,0.0,0.0,0.0,1.0,1.0,1.0,0.0,0.0,1.0,1.0,0.0,1.0,1.0,0.0,XS008_SAME_MONTH_5Y,monthly,20,20,factor_topk,2134.0,1.4376007387478702,0.11095296919941666,0.19747693454226184,0.6320673937419999,0.49087836470277774,0.6866526006688348,-0.39657355902583336,491.0,0.27977903890508504,0.07107065371732942,0.8560450249063895,0.02132211444691364,51.0,76.0,31.0,5.0,0.0,1.0,1.0,1.0,0.0,0.0,0.9994844195228969,0.9994844195228969,0.0,0.9994844195228969,0.9994844195228969,0.0,0,eligible_ew,-0.9189009584716903,-0.060371648072461204,-0.27511357572572326,-0.11328548518949655
2134.0,0.4539945181877729,0.0451935671911039,0.16090903927186825,0.3553651521891057,0.18214235863209663,0.25143603932077,-0.3113525728746389,584.0,0.14515238070411052,0.0640704241844067,3.3592837962253497,0.0,5.0,5.0,3.0,2.0,0.0,1.0,1.0,1.0,0.0,0.0,0.9997191034020783,0.9997191034020783,0.0,0.9997191034020783,0.9997191034020783,0.0,XS013_LOW_BETA_FP,weekly,20,0,factor_topk,2134.0,1.5625241517182302,0.11752905356173904,0.19925935151676552,0.6578035559290081,0.5178723467168391,0.7264511411615653,-0.3999368973429812,488.0,0.2938689936901408,0.03024111990373483,1.5855756437624566,0.0,50.0,76.0,31.0,24.0,0.0,1.0,1.0,1.0,0.0,0.0,0.9998905322899039,0.9998905322899039,0.0,0.9998905322899039,0.9998905322899039,0.0,0,eligible_ew,-1.1085296335304573,-0.07233548637063514,-0.3357299880847425,0.0885843244683423
2134.0,0.43345888414462985,0.04343940959366566,0.16092723513668727,0.3449064811885955,0.1717048655027785,0.23687726743603973,-0.3119474258413806,584.0,0.1392523418858208,0.0640704241844067,3.3592837962253497,0.01860327416776667,5.0,5.0,3.0,2.0,0.0,1.0,1.0,1.0,0.0,0.0,0.9997191034020783,0.9997191034020783,0.0,0.9997191034020783,0.9997191034020783,0.0,XS013_LOW_BETA_FP,weekly,20,5,factor_topk,2134.0,1.5453777405187346,0.11664341785491716,0.19926130153820032,0.6538194808381778,0.5138902219379278,0.7207406926643742,-0.40003616820439136,488.0,0.2915821796276188,0.03024111990373483,1.5855756437624566,0.010375669858058587,50.0,76.0,31.0,24.0,0.0,1.0,1.0,1.0,0.0,0.0,0.9998905322899039,0.9998905322899039,0.0,0.9998905322899039,0.9998905322899039,0.0,0,eligible_ew,-1.1119188563741047,-0.07320400826125151,-0.34218535643514925,0.08808874236301079
2134.0,0.41321144665481424,0.041688035812036395,0.16094630006230723,0.3344483690927883,0.16126885510959513,0.22233891386723592,-0.3125419245589628,585.0,0.13338382001347057,0.0640704241844067,3.3592837962253497,0.036930120371815964,5.0,5.0,3.0,2.0,0.0,1.0,1.0,1.0,0.0,0.0,0.9997191034020783,0.9997191034020783,0.0,0.9997191034020783,0.9997191034020783,0.0,XS013_LOW_BETA_FP,weekly,20,10,factor_topk,2134.0,1.5283451626952358,0.11575843726371926,0.19926344957746925,0.6498348379516278,0.5099076677587906,0.7150321458469633,-0.4001354261349689,488.0,0.2892981468345995,0.03024111990373483,1.5855756437624566,0.020670478965267462,50.0,76.0,31.0,24.0,0.0,1.0,1.0,1.0,0.0,0.0,0.9998905322899039,0.9998905322899039,0.0,0.9998905322899039,0.9998905322899039,0.0,0,eligible_ew,-1.1151337160404216,-0.07407040145168287,-0.3486388126491955,0.0875935015760061
2134.0,0.3735651405157907,0.03819362289941419,0.160987035846851,0.31353450071149724,0.14040195732313612,0.19332432976339448,-0.3137298597664846,588.0,0.12174047738982342,0.0640704241844067,3.3592837962253497,0.07277019455810474,5.0,5.0,3.0,2.0,0.0,1.0,1.0,1.0,0.0,0.0,0.9997191034020783,0.9997191034020783,0.0,0.9997191034020783,0.9997191034020783,0.0,XS013_LOW_BETA_FP,weekly,20,20,factor_topk,2134.0,1.494618510812919,0.11399043951395549,0.19926833968330462,0.6418638964682177,0.5019413188009806,0.7036207263257168,-0.4003339032086628,488.0,0.284738411112139,0.03024111990373483,1.5855756437624566,0.041019819883434845,50.0,76.0,31.0,24.0,0.0,1.0,1.0,1.0,0.0,0.0,0.9998905322899039,0.9998905322899039,0.0,0.9998905322899039,0.9998905322899039,0.0,0,eligible_ew,-1.1210533702971284,-0.0757968166145413,-0.3615393614778445,0.0866040434421782
2134.0,0.47782657832488007,0.04720212111185118,0.1681303099449678,0.35835319716025954,0.192573513717096,0.2704471889717379,-0.3182164300357023,584.0,0.1483333877718235,0.16011317859096919,1.9285609852400525,0.0,5.0,5.0,3.0,0.0,0.0,1.0,1.0,1.0,0.0,0.0,0.9987132622575043,0.9987132622575043,0.0,0.9987132622575043,0.9987132622575043,0.0,XS013_LOW_BETA_FP,monthly,20,0,factor_topk,2134.0,1.4770196590500606,0.11305949737462795,0.19761619307387812,0.6413507102617607,0.5002597821619564,0.7000745511913582,-0.3965741370636833,488.0,0.28509044541266304,0.07131412824975432,0.8589776722266566,0.0,50.0,76.0,31.0,3.0,0.0,1.0,1.0,1.0,0.0,0.0,0.9995339337597932,0.9995339337597932,0.0,0.9995339337597932,0.9995339337597932,0.0,0,eligible_ew,-0.9991930807251805,-0.06585737626277677,-0.30768626844486047,0.07835770702798095
2134.0,0.4658070933532501,0.04619272470858138,0.16813953955390212,0.35260685275582815,0.18683700489412727,0.26231384548952247,-0.31829378029923194,585.0,0.14512606770121309,0.16011317859096916,1.928560985240052,0.010708376771703814,5.0,5.0,3.0,0.0,0.0,1.0,1.0,1.0,0.0,0.0,0.9987132622575043,0.9987132622575043,0.0,0.9987132622575043,0.9987132622575043,0.0,XS013_LOW_BETA_FP,monthly,20,5,factor_topk,2134.0,1.4680266129247608,0.1125815300834605,0.1976173865550352,0.6391738354300087,0.4980840743435989,0.6969747570978299,-0.39658930031359085,488.0,0.2838743506051225,0.07131412824975432,0.8589776722266566,0.005381758876600664,50.0,76.0,31.0,3.0,0.0,1.0,1.0,1.0,0.0,0.0,0.9995339337597932,0.9995339337597932,0.0,0.9995339337597932,0.9995339337597932,0.0,0,eligible_ew,-1.0022195195715107,-0.06638880537487912,-0.31124706944947167,0.07829552001435891
2134.0,0.45388332771800743,0.045184128271325674,0.1681497136087415,0.3468591909660705,0.18110010494759265,0.25418398562273303,-0.31837113056276134,586.0,0.14192281879156882,0.16011317859096919,1.9285609852400525,0.02132576821498225,5.0,5.0,3.0,0.0,0.0,1.0,1.0,1.0,0.0,0.0,0.9987132622575043,0.9987132622575043,0.0,0.9987132622575043,0.9987132622575043,0.0,XS013_LOW_BETA_FP,monthly,20,10,factor_topk,2134.0,1.4590653440130432,0.11210372142472336,0.19761878862882543,0.6369963145222615,0.49590786925288516,0.6938752957245502,-0.3966044635634991,488.0,0.28265874876311065,0.07131412824975432,0.8589776722266564,0.010741126937521476,50.0,76.0,31.0,3.0,0.0,1.0,1.0,1.0,0.0,0.0,0.9995339337597929,0.9995339337597929,0.0,0.9995339337597929,0.9995339337597929,0.0,0,eligible_ew,-1.0051820162950358,-0.06691959315339768,-0.3148077643052925,0.07823333300073776
2134.0,0.4303199724495923,0.043169333004839716,0.16817289435458238,0.335360304971453,0.1696255192113484,0.23793550353848816,-0.31852583108982147,588.0,0.1355285154021507,0.16011317859096919,1.9285609852400525,0.04229049232660006,5.0,5.0,3.0,0.0,0.0,1.0,1.0,1.0,0.0,0.0,0.9987132622575043,0.9987132622575043,0.0,0.9987132622575043,0.9987132622575043,0.0,XS013_LOW_BETA_FP,monthly,20,20,factor_topk,2134.0,1.441237699544467,0.1111485797565781,0.19762221853588616,0.6326393621776476,0.49155399490187457,0.6876773374654591,-0.3966347900633157,491.0,0.2802290231243588,0.07131412824975432,0.8589776722266564,0.02139302591350083,50.0,76.0,31.0,3.0,0.0,1.0,1.0,1.0,0.0,0.0,0.9995339337597932,0.9995339337597932,0.0,0.9995339337597932,0.9995339337597932,0.0,0,eligible_ew,-1.0109177270948746,-0.06797924675173839,-0.3219284756905262,0.07810895897349424
2134.0,1.0133024938671666,0.08614558031709674,0.17313986678512278,0.565209797163112,0.4041799467321626,0.5516248575028674,-0.3327265810976415,434.0,0.25890802001123125,0.96591917824101,50.64421978211347,0.0,21.0,15.0,7.0,3.0,0.0,1.0,1.0,1.0,0.0,0.0,0.9989023860789407,0.9989023860789407,0.0,0.9989023860789407,0.9989023860789407,0.0,XS015_MAX_21,weekly,20,0,factor_topk,2134.0,1.566188470703775,0.11771764265311213,0.1993435434846835,0.6584579787083196,0.5185864238825539,0.7273286956551491,-0.39979144904454467,488.0,0.29444762496657617,0.03014896423210086,1.5807438191196348,0.0,58.0,76.0,31.0,26.0,0.0,1.0,1.0,1.0,0.0,0.0,0.9998700381574543,0.9998700381574543,0.0,0.9998700381574543,0.9998700381574543,0.0,0,eligible_ew,-0.5528859768366083,-0.031572062336015394,-0.11440647715039132,0.06706486794690314
2134.0,0.6246346857011646,0.058979961182782814,0.17328171537222098,0.41869781854640625,0.25782358653954096,0.35001359123847153,-0.3343090842095948,454.0,0.17642344754773512,0.9659191782410099,50.64421978211346,0.28134566934541294,21.0,15.0,7.0,3.0,0.0,1.0,1.0,1.0,0.0,0.0,0.9989023860789407,0.9989023860789407,0.0,0.9989023860789407,0.9989023860789407,0.0,XS015_MAX_21,weekly,20,5,factor_topk,2134.0,1.5490696946012728,0.11683455587367342,0.19934519907368867,0.654488383361986,0.514618561285065,0.7216382683893258,-0.3998917915443355,488.0,0.2921654266082131,0.030148964232100853,1.5807438191196346,0.010292936434319439,58.0,76.0,31.0,26.0,0.0,1.0,1.0,1.0,0.0,0.0,0.9998700381574543,0.9998700381574543,0.0,0.9998700381574543,0.9998700381574543,0.0,0,eligible_ew,-0.9244350089001081,-0.057854594690890604,-0.25679497474552404,0.0655827073347407
2134.0,0.31084337704504494,0.032479294054824415,0.1734894729970462,0.2723220183797121,0.11166538221182096,0.150795136711611,-0.3358890787327883,582.0,0.09669648735635983,0.9659191782410099,50.64421978211346,0.5009291908133553,21.0,15.0,7.0,3.0,0.0,1.0,1.0,1.0,0.0,0.0,0.9989023860789407,0.9989023860789407,0.0,0.9989023860789407,0.9989023860789407,0.0,XS015_MAX_21,weekly,20,10,factor_topk,2134.0,1.532064225875149,0.11595212047371395,0.19934705097300703,0.6505182133419363,0.5106502611484908,0.7159497435569715,-0.39999212084590574,488.0,0.2898860113256674,0.030148964232100853,1.5807438191196346,0.020505870175926255,58.0,76.0,31.0,26.0,0.0,1.0,1.0,1.0,0.0,0.0,0.9998700381574543,0.9998700381574543,0.0,0.9998700381574543,0.9998700381574543,0.0,0,eligible_ew,-1.221220848830104,-0.08347282641888953,-0.3989848789366698,0.06410304211311746
2134.0,-0.14692758293346098,-0.018590503163910088,0.1741016967095729,-0.019358467733449788,-0.1793971972069027,-0.23971093201786456,-0.37262557378813277,1051.0,-0.049890572391255855,0.9659191782410099,50.64421978211346,0.802679859003375,21.0,15.0,7.0,3.0,0.0,1.0,1.0,1.0,0.0,0.0,0.9989023860789407,0.9989023860789407,0.0,0.9989023860789407,0.9989023860789407,0.0,XS015_MAX_21,weekly,20,20,factor_topk,2134.0,1.4983902369177913,0.1141892019128421,0.19935134368011867,0.6425761963358481,0.5027123952459434,0.704578413427691,-0.4001927398595745,488.0,0.285335515963909,0.030148964232100853,1.5807438191196346,0.04069400457105907,58.0,76.0,31.0,26.0,0.0,1.0,1.0,1.0,0.0,0.0,0.9998700381574543,0.9998700381574543,0.0,0.9998700381574543,0.9998700381574543,0.0,0,eligible_ew,-1.6453178198512521,-0.13277970507675219,-0.6821095924528461,0.027567166071441718
2134.0,0.7382827991009784,0.06746922951581213,0.1534810428693129,0.5024238305096848,0.32077365942874536,0.4432091530414607,-0.3251196467372106,454.0,0.20752123162321998,1.6679275946171714,20.0901644292595,0.0,20.0,13.0,7.0,0.0,0.0,1.0,1.0,1.0,0.0,0.0,0.994587869823507,0.994587869823507,0.0,0.994587869823507,0.994587869823507,0.0,XS015_MAX_21,monthly,20,0,factor_topk,2134.0,1.4725399845711742,0.11282160084935056,0.19772506007278903,0.6400277656294732,0.49901553209000954,0.698124706593758,-0.39674455477955006,488.0,0.2843683662200217,0.07085281347307432,0.8534211422267582,0.0,58.0,76.0,31.0,5.0,0.0,1.0,1.0,1.0,0.0,0.0,0.9994532356914644,0.9994532356914644,0.0,0.9994532356914644,0.9994532356914644,0.0,0,eligible_ew,-0.7342571854701958,-0.04535237133353842,-0.17824187266126418,0.07162490804233945
2134.0,0.5964739156491901,0.05679559326006545,0.1535391201858111,0.4368274448524804,0.25526054819889665,0.3517909566628816,-0.32569570100853884,461.0,0.17438238541127205,1.6679275946171714,20.0901644292595,0.10656348794035525,20.0,13.0,7.0,0.0,0.0,1.0,1.0,1.0,0.0,0.0,0.994587869823507,0.994587869823507,0.0,0.994587869823507,0.994587869823507,0.0,XS015_MAX_21,monthly,20,5,factor_topk,2134.0,1.4636211670916603,0.11234682630306181,0.19772575854699806,0.6378672599450358,0.4968558309519739,0.6950482690702593,-0.39676036059369424,488.0,0.2831604098124901,0.0708528134730743,0.8534211422267581,0.005313667248473107,58.0,76.0,31.0,5.0,0.0,1.0,1.0,1.0,0.0,0.0,0.9994532356914644,0.9994532356914644,0.0,0.9994532356914644,0.9994532356914644,0.0,0,eligible_ew,-0.8671472514424703,-0.05555123304299636,-0.24159528275307723,0.0710646595851554
2134.0,0.4661280173766542,0.04621977060037907,0.15364991825544608,0.37115327030308104,0.1897319549535397,0.2608022977706964,-0.3262717552798673,473.0,0.14166034862788834,1.667927594617171,20.090164429259495,0.20354973870438542,20.0,13.0,7.0,0.0,0.0,1.0,1.0,1.0,0.0,0.0,0.994587869823507,0.994587869823507,0.0,0.994587869823507,0.994587869823507,0.0,XS015_MAX_21,monthly,20,10,factor_topk,2134.0,1.4547336571822922,0.11187220810515086,0.197726664002147,0.6357061040646985,0.4946956271390314,0.6919721628854685,-0.3967761664078382,488.0,0.28195294369107765,0.0708528134730743,0.8534211422267581,0.0106053799881168,58.0,76.0,31.0,5.0,0.0,1.0,1.0,1.0,0.0,0.0,0.9994532356914644,0.9994532356914644,0.0,0.9994532356914644,0.9994532356914644,0.0,0,eligible_ew,-0.988605639805638,-0.06565243750477179,-0.3049636721854917,0.0705044111279709
2134.0,0.23622586033283688,0.02535831317674453,0.15402916743501477,0.23984292345918218,0.058897707552925026,0.0805232996923758,-0.3274238638225244,588.0,0.07744796876042502,1.6679275946171714,20.0901644292595,0.37194568784291665,20.0,13.0,7.0,0.0,0.0,1.0,1.0,1.0,0.0,0.0,0.994587869823507,0.994587869823507,0.0,0.994587869823507,0.994587869823507,0.0,XS015_MAX_21,monthly,20,20,factor_topk,2134.0,1.4370521311213356,0.11092344051001701,0.1977290958432401,0.6313818689418552,0.49037373867670603,0.685820953814379,-0.396807778036126,488.0,0.27953948145622887,0.07085281347307432,0.8534211422267582,0.021123268605395214,58.0,76.0,31.0,5.0,0.0,1.0,1.0,1.0,0.0,0.0,0.9994532356914644,0.9994532356914644,0.0,0.9994532356914644,0.9994532356914644,0.0,0,eligible_ew,-1.2008262707884987,-0.08556512733327248,-0.431476031123781,0.06938391421360157
2134.0,0.7323468496300487,0.06703812147721888,0.26684695828669014,0.37699350812926036,0.2725233665801143,0.3879383214905599,-0.508769933894187,1159.0,0.13176510051232967,0.08596020590533462,4.5069894650122215,0.0,5.0,0.0,0.0,1.0,0.0,1.0,1.0,1.0,0.0,0.0,0.9997408431693809,0.9997408431693809,0.0,0.9997408431693809,0.9997408431693809,0.0,XS018_AMIHUD_252,weekly,20,0,factor_topk,2134.0,1.5535389354753346,0.11706560881320138,0.19955436999894594,0.6550499159978872,0.5153261653588865,0.7227421382485035,-0.4007279912611783,488.0,0.29213234754270695,0.030128315607860646,1.5796611887217957,0.0,57.0,75.0,30.0,26.0,0.0,1.0,1.0,1.0,0.0,0.0,0.9998702907338837,0.9998702907338837,0.0,0.9998702907338837,0.9998702907338837,0.0,0,eligible_ew,-0.8211920858452859,-0.0500274873359825,-0.24280279877877226,-0.1080419426330087
2134.0,0.6996003818351013,0.06463617221016404,0.2668454803467166,0.36854947308426295,0.2640798170389117,0.37577635443191176,-0.5098734774262741,1173.0,0.12676904187374644,0.08596020590533461,4.506989465012221,0.02299285747100089,5.0,0.0,0.0,1.0,0.0,1.0,1.0,1.0,0.0,0.0,0.9997408431693809,0.9997408431693809,0.0,0.9997408431693809,0.9997408431693809,0.0,XS018_AMIHUD_252,weekly,20,5,factor_topk,2134.0,1.5365161702515073,0.1161836413893369,0.19955606295874076,0.6510872067068803,0.5113652153805286,0.7170618573708002,-0.4008302063132533,488.0,0.28985749965794266,0.030128315607860646,1.5796611887217957,0.01027062034804982,57.0,75.0,30.0,26.0,0.0,1.0,1.0,1.0,0.0,0.0,0.9998702907338837,0.9998702907338837,0.0,0.9998702907338837,0.9998702907338837,0.0,0,eligible_ew,-0.836915788416406,-0.051547469179172856,-0.2472853983416169,-0.10904327111302081
2134.0,0.6674704837085321,0.06223944664337999,0.2668445739337514,0.3601045732304582,0.2556356234977399,0.3636228225949885,-0.5109746181052366,1173.0,0.12180535869701772,0.08596020590533461,4.506989465012221,0.04551733267768264,5.0,0.0,0.0,1.0,0.0,1.0,1.0,1.0,0.0,0.0,0.9997408431693809,0.9997408431693809,0.0,0.9997408431693809,0.9997408431693809,0.0,XS018_AMIHUD_252,weekly,20,10,factor_topk,2134.0,1.5196059983908148,0.11530232398938978,0.19955795213916339,0.6471239283492991,0.507403833092119,0.7113834858756998,-0.4009324076483205,488.0,0.28758544280742626,0.030128315607860646,1.5796611887217957,0.020461519582348302,57.0,75.0,30.0,26.0,0.0,1.0,1.0,1.0,0.0,0.0,0.9998702907338837,0.9998702907338837,0.0,0.9998702907338837,0.9998702907338837,0.0,0,eligible_ew,-0.8521355146822827,-0.053062877346009785,-0.2517682095943791,-0.11004221045691609
2134.0,0.6050143579143157,0.057461622672991375,0.26684447570847036,0.3432123960942967,0.23874552135433938,0.33934126904697637,-0.5131697111658173,1247.0,0.11197391705455538,0.08596020590533461,4.506989465012221,0.08919752727084697,5.0,0.0,0.0,1.0,0.0,1.0,1.0,1.0,0.0,0.0,0.9997408431693809,0.9997408431693809,0.0,0.9997408431693809,0.9997408431693809,0.0,XS018_AMIHUD_252,weekly,20,20,factor_topk,2134.0,1.4861204819571032,0.11354163736732459,0.1995623191390221,0.6391957113386285,0.4994798184212455,0.7000324826971102,-0.4011367691729314,488.0,0.28304968801894204,0.030128315607860646,1.5796611887217957,0.04060641915640645,57.0,75.0,30.0,26.0,0.0,1.0,1.0,1.0,0.0,0.0,0.9998702907338837,0.9998702907338837,0.0,0.9998702907338837,0.9998702907338837,0.0,0,eligible_ew,-0.8811061240427875,-0.05608001469433321,-0.2607342970669061,-0.11203294199288594
2134.0,0.5561872452536243,0.05361081197875617,0.2621171509606117,0.33058336805910554,0.22423330095451274,0.3187950624150471,-0.49869251400263515,1257.0,0.10750274061357352,0.2115868285964718,2.54856037593426,0.0,5.0,0.0,0.0,1.0,0.0,1.0,1.0,1.0,0.0,0.0,0.9983408188540045,0.9983408188540045,0.0,0.9983408188540045,0.9983408188540045,0.0,XS018_AMIHUD_252,monthly,20,0,factor_topk,2134.0,1.4636338163359763,0.1123475007317205,0.19793017031693297,0.6374152480066851,0.49654897043857593,0.6947910974151682,-0.3972768378766579,488.0,0.2827939865112421,0.07081259540243098,0.8529367161312493,0.0,57.0,75.0,30.0,5.0,0.0,1.0,1.0,1.0,0.0,0.0,0.9994604560123791,0.9994604560123791,0.0,0.9994604560123791,0.9994604560123791,0.0,0,eligible_ew,-0.907446571082352,-0.05873668875296434,-0.27231566948406316,-0.10141567612597724
2134.0,0.5394836320344416,0.05226897578646583,0.2621151491445008,0.3257219169010084,0.2193716670325566,0.3118135076487022,-0.4992022635416248,1267.0,0.1047050055735725,0.21158682859647177,2.5485603759342594,0.01237489836563908,5.0,0.0,0.0,1.0,0.0,1.0,1.0,1.0,0.0,0.0,0.9983408188540045,0.9983408188540045,0.0,0.9983408188540045,0.9983408188540045,0.0,XS018_AMIHUD_252,monthly,20,5,factor_topk,2134.0,1.454752159258947,0.11187319774153948,0.19793089282864654,0.6352581715203087,0.4943927177329958,0.6917190778439108,-0.3972924097148982,488.0,0.28158906388828575,0.070812595402431,0.8529367161312494,0.005307530699507913,57.0,75.0,30.0,5.0,0.0,1.0,1.0,1.0,0.0,0.0,0.9994604560123791,0.9994604560123791,0.0,0.9994604560123791,0.9994604560123791,0.0,0,eligible_ew,-0.9152685272245054,-0.059604221955073644,-0.27502105070043925,-0.10190985382672657
2134.0,0.5229569594632977,0.050928656960943064,0.2621138192126143,0.3208595690158806,0.2145094083178813,0.3048343401685167,-0.4997115555663457,1267.0,0.10191610819010041,0.21158682859647177,2.5485603759342594,0.024609396586327607,5.0,0.0,0.0,1.0,0.0,1.0,1.0,1.0,0.0,0.0,0.9983408188540045,0.9983408188540045,0.0,0.9983408188540045,0.9983408188540045,0.0,XS018_AMIHUD_252,monthly,20,10,factor_topk,2134.0,1.4459016597628853,0.11139905075486278,0.19793182232804546,0.6331004487149038,0.49223596591208213,0.6886473913543708,-0.3973079815531385,488.0,0.2803846283666052,0.070812595402431,0.8529367161312494,0.01059315451607172,57.0,75.0,30.0,5.0,0.0,1.0,1.0,1.0,0.0,0.0,0.9994604560123791,0.9994604560123791,0.0,0.9994604560123791,0.9994604560123791,0.0,0,eligible_ew,-0.9229447002995876,-0.06047039379391972,-0.27772655759420084,-0.10240357401320721
2134.0,0.49042705653862884,0.04825256532129929,0.26211317503725684,0.3111323325472777,0.20478316597851304,0.29088333078909934,-0.50072876850619,1268.0,0.09636467556128203,0.21158682859647177,2.5485603759342594,0.04866325163232875,5.0,0.0,0.0,1.0,0.0,1.0,1.0,1.0,0.0,0.0,0.9983408188540045,0.9983408188540045,0.0,0.9983408188540045,0.9983408188540045,0.0,XS018_AMIHUD_252,monthly,20,20,factor_topk,2134.0,1.428293706907326,0.11045122454829381,0.19793430227758624,0.6287830913035628,0.4879209920428881,0.6825050269137447,-0.3973391252296191,488.0,0.2779772177845938,0.07081259540243098,0.8529367161312493,0.021099007134495956,57.0,75.0,30.0,5.0,0.0,1.0,1.0,1.0,0.0,0.0,0.9994604560123791,0.9994604560123791,0.0,0.9994604560123791,0.9994604560123791,0.0,0,eligible_ew,-0.9378666503686972,-0.062198659226994524,-0.28313782606437504,-0.10338964327657085
2134.0,0.9147582466983535,0.07972783995635013,0.15739430470173654,0.5662484322575491,0.3891060761387507,0.5467234593913358,-0.2794334075144328,536.0,0.2853196425779268,0.3253685653836101,17.05943675896971,0.0,7.0,7.0,4.0,2.0,0.0,1.0,1.0,1.0,0.0,0.0,0.9995095540450512,0.9995095540450512,0.0,0.9995095540450512,0.9995095540450512,0.0,XS019_PRICE_DELAY_52W,weekly,20,0,factor_topk,2134.0,1.5542892844625804,0.11710436574219041,0.19930762371692323,0.6557858235440541,0.5158896197454655,0.7235107419027538,-0.3998056299094107,488.0,0.29290324343037466,0.030054753429433905,1.5758042416647144,0.0,58.0,76.0,31.0,34.0,0.0,1.0,1.0,1.0,0.0,0.0,0.9998344008761803,0.9998344008761803,0.0,0.9998344008761803,0.9998344008761803,0.0,0,eligible_ew,-0.6395310377642269,-0.037376525785840276,-0.12678354360671484,0.12037222239497791
2134.0,0.781309930244902,0.07055589982472332,0.15740666764807715,0.5120102755431645,0.33489171352966357,0.4692957253555652,-0.2809687971483972,538.0,0.25111649599816005,0.3253685653836101,17.05943675896971,0.1056661284470682,7.0,7.0,4.0,2.0,0.0,1.0,1.0,1.0,0.0,0.0,0.9995095540450512,0.9995095540450512,0.0,0.9995095540450512,0.9995095540450512,0.0,XS019_PRICE_DELAY_52W,weekly,20,5,factor_topk,2134.0,1.5373029538937302,0.11622452037130304,0.19930928227544228,0.651827933034654,0.5119334610677493,0.717838056389848,-0.39990659567662856,488.0,0.29062916597975846,0.030054753429433905,1.5758042416647144,0.010244321660417903,58.0,76.0,31.0,34.0,0.0,1.0,1.0,1.0,0.0,0.0,0.9998344008761803,0.9998344008761803,0.0,0.9998344008761803,0.9998344008761803,0.0,0,eligible_ew,-0.7559930236488281,-0.04566862054657972,-0.17704174753808571,0.11893779852823139
2134.0,0.657127281654809,0.06145922803626336,0.15743296729542924,0.45774011316698127,0.28066138390522444,0.3922621649503995,-0.28250174185625576,550.0,0.2175534481041728,0.3253685653836101,17.05943675896971,0.2031549251809046,7.0,7.0,4.0,2.0,0.0,1.0,1.0,1.0,0.0,0.0,0.9995095540450512,0.9995095540450512,0.0,0.9995095540450512,0.9995095540450512,0.0,XS019_PRICE_DELAY_52W,weekly,20,10,factor_topk,2134.0,1.5204286997022343,0.11534532174303092,0.19931113694478547,0.6478694709287809,0.5079768678408865,0.7121672628679807,-0.4000075480578841,488.0,0.2883578630029741,0.030054753429433905,1.5758042416647144,0.020409331963127816,58.0,76.0,31.0,34.0,0.0,1.0,1.0,1.0,0.0,0.0,0.9998344008761803,0.9998344008761803,0.0,0.9998344008761803,0.9998344008761803,0.0,0,eligible_ew,-0.8633014180474252,-0.05388609370676756,-0.22731548393566203,0.11750580620162832
2134.0,0.43403946763750345,0.043489306687704676,0.15752734507288996,0.3491615390519837,0.17221044918954417,0.23943019589037812,-0.28556030715627334,658.0,0.15229464879341612,0.3253685653836101,17.05943675896971,0.3759161707399288,7.0,7.0,4.0,2.0,0.0,1.0,1.0,1.0,0.0,0.0,0.9995095540450512,0.9995095540450512,0.0,0.9995095540450512,0.9995095540450512,0.0,XS019_PRICE_DELAY_52W,weekly,20,20,factor_topk,2134.0,1.48701348846993,0.11358886283455427,0.19931543459346704,0.6399508788048105,0.5000624245497067,0.7008313635793768,-0.4002094126678244,488.0,0.2838235664607757,0.030054753429433905,1.5758042416647144,0.040503665593985015,58.0,76.0,31.0,34.0,0.0,1.0,1.0,1.0,0.0,0.0,0.9998344008761803,0.9998344008761803,0.0,0.9998344008761803,0.9998344008761803,0.0,0,eligible_ew,-1.0529740208324265,-0.0700995561468496,-0.32785197536016253,0.11464910551155105
2134.0,0.5804402222118272,0.05553666758179454,0.1588387626739089,0.4201345970663724,0.24464694177276455,0.3364959469988553,-0.2808970427437324,367.0,0.1977118272208429,0.6872575868879874,8.278007972525225,0.0,6.0,7.0,4.0,1.0,0.0,1.0,1.0,1.0,0.0,0.0,0.9977893262476369,0.9977893262476369,0.0,0.9977893262476369,0.9977893262476369,0.0,XS019_PRICE_DELAY_52W,monthly,20,0,factor_topk,2134.0,1.4626710689430849,0.11229616052034497,0.19767472403357497,0.6377502457968403,0.49670256946661545,0.6948483294755001,-0.39669143587587263,488.0,0.28308188774582765,0.07048958920490185,0.8490461110228666,0.0,58.0,76.0,31.0,7.0,0.0,1.0,1.0,1.0,0.0,0.0,0.9994132957432671,0.9994132957432671,0.0,0.9994132957432671,0.9994132957432671,0.0,0,eligible_ew,-0.8822308467312576,-0.05675949293855043,-0.2520556276938509,0.11579439313214024
2134.0,0.525992913129792,0.05117583246129209,0.15885417824498105,0.39404425217586764,0.218576891442871,0.3002943941191143,-0.28129644652224484,367.0,0.18192847116980954,0.6872575868879874,8.278007972525225,0.047276129643959115,6.0,7.0,4.0,1.0,0.0,1.0,1.0,1.0,0.0,0.0,0.9977893262476369,0.9977893262476369,0.0,0.9977893262476369,0.9977893262476369,0.0,XS019_PRICE_DELAY_52W,monthly,20,5,factor_topk,2134.0,1.453833306980651,0.11182404235369603,0.1976753983265947,0.6356003252968254,0.4945534342660265,0.6917874672399063,-0.39670723957296283,488.0,0.2818805184247948,0.07048958920490185,0.8490461110228665,0.005280281690448382,58.0,76.0,31.0,7.0,0.0,1.0,1.0,1.0,0.0,0.0,0.9994132957432671,0.9994132957432671,0.0,0.9994132957432671,0.9994132957432671,0.0,0,eligible_ew,-0.927840393850859,-0.06064820989240394,-0.2759765428231555,0.115410793050718
2134.0,0.4733977487337908,0.04683103325024307,0.15888104061256278,0.36793246043207145,0.1924981273997013,0.2641598769005494,-0.28169585030075595,372.0,0.16624679845387624,0.6872575868879874,8.278007972525225,0.09280244978129147,6.0,7.0,4.0,1.0,0.0,1.0,1.0,1.0,0.0,0.0,0.9977893262476369,0.9977893262476369,0.0,0.9977893262476369,0.9977893262476369,0.0,XS019_PRICE_DELAY_52W,monthly,20,10,factor_topk,2134.0,1.445026403319852,0.11135207854299534,0.19767627900820006,0.6334497580951323,0.49240379953809427,0.6887269331581163,-0.39672304327005214,488.0,0.2806796338956222,0.07048958920490185,0.8490461110228665,0.010538877665735637,58.0,76.0,31.0,7.0,0.0,1.0,1.0,1.0,0.0,0.0,0.9994132957432671,0.9994132957432671,0.0,0.9994132957432671,0.9994132957432671,0.0,0,eligible_ew,-0.9716286545860613,-0.06452104529275227,-0.299905672138393,0.1150271929692962
2134.0,0.37351709332345706,0.03818933435476901,0.15896908005336852,0.315667202740341,0.1403370300630449,0.19212663990812678,-0.28249465785777983,522.0,0.13518604084185973,0.6872575868879877,8.278007972525227,0.17884601930708013,6.0,7.0,4.0,1.0,0.0,1.0,1.0,1.0,0.0,0.0,0.9977893262476369,0.9977893262476369,0.0,0.9977893262476369,0.9977893262476369,0.0,XS019_PRICE_DELAY_52W,monthly,20,20,factor_topk,2134.0,1.4275047504062668,0.11040861374846256,0.19767865952548802,0.6291467106064127,0.4881030584834872,0.6826068585591983,-0.39675465066423177,488.0,0.2782793183737622,0.07048958920490185,0.8490461110228666,0.020991333216471685,58.0,76.0,31.0,7.0,0.0,1.0,1.0,1.0,0.0,0.0,0.9994132957432671,0.9994132957432671,0.0,0.9994132957432671,0.9994132957432671,0.0,0,eligible_ew,-1.0539876570828097,-0.07221927939369355,-0.34776602842044224,0.11425999280645194
2134.0,2.4040219306284425,0.1556384002420026,0.23330027915746868,0.7370665047050212,0.617577146905967,0.8868787194062212,-0.4028070065900674,381.0,0.38638454072472034,1.8770130186851652,98.41388595812829,0.0,10.0,3.0,3.0,8.0,0.0,1.0,1.0,1.0,0.0,0.0,0.9986938679585953,0.9986938679585953,0.0,0.9986938679585953,0.9986938679585953,0.0,XS020_VOLUME_SHOCK_50D,weekly,20,0,factor_topk,2134.0,1.56362233835533,0.11758559815438185,0.1993416667325006,0.65786956496923,0.5179969490055553,0.7264788233004223,-0.39979144904454467,488.0,0.29411734151742824,0.0300759340705175,1.576914766298998,0.0,58.0,76.0,31.0,30.0,0.0,1.0,1.0,1.0,0.0,0.0,0.9998525602077161,0.9998525602077161,0.0,0.9998525602077161,0.9998525602077161,0.0,0,eligible_ew,0.8403995922731125,0.03805280208762074,0.09958019790041173,-0.00301555754552274
2134.0,1.2435599961086545,0.10012380910175223,0.23344090121435812,0.525800464214645,0.40639462771314044,0.5787964054484903,-0.4085378879559143,507.0,0.24507839310256746,1.8770130186851655,98.4138859581283,0.5570424860952813,10.0,3.0,3.0,8.0,0.0,1.0,1.0,1.0,0.0,0.0,0.9986938679585953,0.9986938679585953,0.0,0.9986938679585953,0.9986938679585953,0.0,XS020_VOLUME_SHOCK_50D,weekly,20,5,factor_topk,2134.0,1.5465619674987363,0.11670475368758737,0.1993433689399249,0.6539094395866866,0.5140385862413926,0.7208024230899623,-0.3998917915443354,488.0,0.2918408333336557,0.030075934070517504,1.5769147662989982,0.010262467502786032,58.0,76.0,31.0,30.0,0.0,1.0,1.0,1.0,0.0,0.0,0.9998525602077161,0.9998525602077161,0.0,0.9998525602077161,0.9998525602077161,0.0,0,eligible_ew,-0.3030019713900818,-0.016580944585835145,-0.1076439585282522,-0.008646096411578874
2134.0,0.47812719137720316,0.04722727366338053,0.2337393608393672,0.31457623089684666,0.19533474053460798,0.27589976913526704,-0.4142192318538155,802.0,0.11401516402803766,1.8770130186851652,98.41388595812829,0.8907784988670551,10.0,3.0,3.0,8.0,0.0,1.0,1.0,1.0,0.0,0.0,0.9986938679585953,0.9986938679585953,0.0,0.9986938679585953,0.9986938679585953,0.0,XS020_VOLUME_SHOCK_50D,weekly,20,10,factor_topk,2134.0,1.5296142415902563,0.11582455720517948,0.1993452672620664,0.6499487424187322,0.5100797886939928,0.7151279176518336,-0.39999212084590674,488.0,0.2895670968723902,0.030075934070517504,1.5769147662989982,0.02044537819595374,58.0,76.0,31.0,30.0,0.0,1.0,1.0,1.0,0.0,0.0,0.9998525602077161,0.9998525602077161,0.0,0.9998525602077161,0.9998525602077161,0.0,0,eligible_ew,-1.051487050213053,-0.06859728354179895,-0.31474504815938487,-0.014227111007908744
2134.0,-0.359166683728103,-0.051190784027430936,0.2348070670151559,-0.10604504937460657,-0.22471983831398926,-0.3121027369703834,-0.5197186170143264,2116.0,-0.09849711430679772,1.8770130186851652,98.41388595812829,1.1897551735618408,10.0,3.0,3.0,8.0,0.0,1.0,1.0,1.0,0.0,0.0,0.9986938679585953,0.9986938679585953,0.0,0.9986938679585953,0.9986938679585953,0.0,XS020_VOLUME_SHOCK_50D,weekly,20,20,factor_topk,2134.0,1.4960537756480918,0.11406610630874514,0.19934965222751175,0.6420256796264231,0.5021609360810295,0.7037846032526394,-0.40019273985957493,488.0,0.2850279251661842,0.030075934070517504,1.5769147662989982,0.04057478566099222,58.0,76.0,31.0,30.0,0.0,1.0,1.0,1.0,0.0,0.0,0.9998525602077161,0.9998525602077161,0.0,0.9998525602077161,0.9998525602077161,0.0,0,eligible_ew,-1.855220459376195,-0.16525689033617608,-0.7268807743950187,-0.11952587715475149
2134.0,1.7076082957555427,0.12482054027415668,0.2052869825475841,0.6760195650650733,0.5401756234788058,0.7718946232914835,-0.36719579717664275,270.0,0.33992910930326,1.8999156493524527,22.884457287233104,0.0,6.0,5.0,2.0,3.0,0.0,1.0,1.0,1.0,0.0,0.0,0.9967719025341804,0.9967719025341804,0.0,0.9967719025341804,0.9967719025341804,0.0,XS020_VOLUME_SHOCK_50D,monthly,20,0,factor_topk,2134.0,1.4734086655523808,0.11286776250643826,0.1977128182465615,0.6402649362920217,0.4992440753965803,0.6984493905776727,-0.3966770689122523,488.0,0.28453311610862336,0.0705236479862999,0.849456348566004,0.0,58.0,76.0,31.0,6.0,0.0,1.0,1.0,1.0,0.0,0.0,0.9994339868243474,0.9994339868243474,0.0,0.9994339868243474,0.9994339868243474,0.0,0,eligible_ew,0.23419963020316192,0.011952777767718414,0.04093154808222549,0.02948127173560955
2134.0,1.4574487694693987,0.11201736333762025,0.20533292067756678,0.6201425830308219,0.4843381225902241,0.6904863327437621,-0.36779696116932503,360.0,0.3045630474528312,1.899915649352453,22.884457287233108,0.16981542100863453,6.0,5.0,2.0,3.0,0.0,1.0,1.0,1.0,0.0,0.0,0.9967719025341804,0.9967719025341804,0.0,0.9967719025341804,0.9967719025341804,0.0,XS020_VOLUME_SHOCK_50D,monthly,20,5,factor_topk,2134.0,1.4645280885496588,0.11239517353445594,0.19771347976731452,0.6381144067599046,0.4970943226121639,0.6953872670390361,-0.3966922741376948,488.0,0.2833308860848718,0.0705236479862999,0.849456348566004,0.005289875425296837,58.0,76.0,31.0,6.0,0.0,1.0,1.0,1.0,0.0,0.0,0.9994339868243474,0.9994339868243474,0.0,0.9994339868243474,0.9994339868243474,0.0,0,eligible_ew,-0.007079319080260049,-0.00037781019683569284,-0.012756200021939834,0.02889531296836978
2134.0,1.2301951439634529,0.09934788770953507,0.20542951172497884,0.5641514599923332,0.42841998635817996,0.6093092175779015,-0.3683981251620071,362.0,0.26967533470982175,1.899915649352453,22.884457287233108,0.321349913626265,6.0,5.0,2.0,3.0,0.0,1.0,1.0,1.0,0.0,0.0,0.9967719025341804,0.9967719025341804,0.0,0.9967719025341804,0.9967719025341804,0.0,XS020_VOLUME_SHOCK_50D,monthly,20,10,factor_topk,2134.0,1.4556785346232024,0.11192273916426454,0.19771434775583457,0.6359632274985041,0.4949440672698659,0.6923254695462261,-0.39670747936313766,488.0,0.28212913793292216,0.0705236479862999,0.849456348566004,0.010557999008607172,58.0,76.0,31.0,6.0,0.0,1.0,1.0,1.0,0.0,0.0,0.9994339868243474,0.9994339868243474,0.0,0.9994339868243474,0.9994339868243474,0.0,0,eligible_ew,-0.22548339065974954,-0.012574851454729474,-0.06652408091168593,0.028309354201130565
2134.0,0.8362787611902804,0.07440496950988651,0.20577432984708235,0.4519937027329734,0.3165079989539163,0.44790561267938944,-0.36960045314737167,683.0,0.20131190012426428,1.899915649352453,22.884457287233108,0.5765287503892758,6.0,5.0,2.0,3.0,0.0,1.0,1.0,1.0,0.0,0.0,0.9967719025341804,0.9967719025341804,0.0,0.9967719025341804,0.9967719025341804,0.0,XS020_VOLUME_SHOCK_50D,monthly,20,20,factor_topk,2134.0,1.4380720730470213,0.11097833398790113,0.19771670312465153,0.6316589468196596,0.4906420759073316,0.6862028618233861,-0.396737889814023,488.0,0.2797270864144686,0.0705236479862999,0.849456348566004,0.021029312682863937,58.0,76.0,31.0,6.0,0.0,1.0,1.0,1.0,0.0,0.0,0.9994339868243474,0.9994339868243474,0.0,0.9994339868243474,0.9994339868243474,0.0,0,eligible_ew,-0.6017933118567409,-0.036573364478014625,-0.17413407695341532,0.02713743666665136
2134.0,1.4332104110102502,0.11071649632097214,0.20819022948845228,0.608872614045701,0.47495079967593773,0.6698222247941673,-0.40565164459050695,529.0,0.27293491299101497,0.04725140178961524,2.477443694206406,0.0,2.0,2.0,1.0,1.0,0.0,1.0,1.0,1.0,0.0,0.0,0.999827647331298,0.999827647331298,0.0,0.999827647331298,0.999827647331298,0.0,XS032_GROSS_PROFIT_AT,weekly,20,0,factor_topk,2134.0,1.6461824215289735,0.12177657236428185,0.1982094459474858,0.6793199908792571,0.5386448170015788,0.7562016344234527,-0.38024043070580116,499.0,0.3202620303638951,0.032866411973556664,1.7232226349097037,0.0,32.0,32.0,18.0,843.0,0.0,1.0,1.0,1.0,0.0,0.0,0.9929752642836545,0.9929752642836545,0.0,0.9929752642836545,0.9929752642836545,0.0,0,eligible_ew,-0.2129720105187234,-0.011060076043309719,-0.06369401732564112,-0.025411213884705797
2134.0,1.4078189893435131,0.10934142996381913,0.20819094709028146,0.602920094311208,0.4689995711369612,0.6612461905818825,-0.40587407319802205,529.0,0.2693974244333476,0.04725140178961524,2.477443694206406,0.016271489586683147,2.0,2.0,1.0,1.0,0.0,1.0,1.0,1.0,0.0,0.0,0.999827647331298,0.999827647331298,0.0,0.999827647331298,0.999827647331298,0.0,XS032_GROSS_PROFIT_AT,weekly,20,5,factor_topk,2134.0,1.6269447382040583,0.12081042838203504,0.1982099322552561,0.6749705471308154,0.534296335214852,0.7499546922869696,-0.3803647390409638,500.0,0.317617318278875,0.03286641197355666,1.7232226349097035,0.011570920384661414,32.0,32.0,18.0,843.0,0.0,1.0,1.0,1.0,0.0,0.0,0.9929752642836545,0.9929752642836545,0.0,0.9929752642836545,0.9929752642836545,0.0,0,eligible_ew,-0.21912574886054514,-0.011468998418215914,-0.06529676407789076,-0.02550933415705825
2134.0,1.3826907396013959,0.10796796728074809,0.20819206434391385,0.5969664696542445,0.46304749287978536,0.6526741497414935,-0.4060964388725695,531.0,0.26586780120627396,0.04725140178961523,2.4774436942064058,0.03234726656084394,2.0,2.0,1.0,1.0,0.0,1.0,1.0,1.0,0.0,0.0,0.999827647331298,0.999827647331298,0.0,0.999827647331298,0.999827647331298,0.0,XS032_GROSS_PROFIT_AT,weekly,20,10,factor_topk,2134.0,1.6078459322431558,0.11984506680186535,0.19821062911734433,0.6706204123405618,0.5299473114419558,0.7437099085789012,-0.3804890268734016,521.0,0.31497640756336676,0.03286641197355666,1.7232226349097035,0.023043928893563964,32.0,32.0,18.0,843.0,0.0,1.0,1.0,1.0,0.0,0.0,0.9929752642836545,0.9929752642836545,0.0,0.9929752642836545,0.9929752642836545,0.0,0,eligible_ew,-0.22515519264175987,-0.011877099521117263,-0.06689981856217048,-0.02560741199916794
2134.0,1.3332129452106014,0.10522584579555638,0.2081954977785508,0.5850560428784255,0.4511409244054761,0.6355420374888393,-0.4065409814736709,534.0,0.258832074970949,0.04725140178961523,2.4774436942064058,0.06392033383829401,2.0,2.0,1.0,1.0,0.0,1.0,1.0,1.0,0.0,0.0,0.999827647331298,0.999827647331298,0.0,0.999827647331298,0.999827647331298,0.0,XS032_GROSS_PROFIT_AT,weekly,20,20,factor_topk,2134.0,1.5700609754119421,0.11791668836414027,0.1982126544949208,0.6619181251520219,0.5212476934112008,0.7312268360073886,-0.38073754104077784,524.0,0.3097059671126865,0.032866411973556664,1.7232226349097037,0.04569923871728479,32.0,32.0,18.0,843.0,0.0,1.0,1.0,1.0,0.0,0.0,0.9929752642836545,0.9929752642836545,0.0,0.9929752642836545,0.9929752642836545,0.0,0,eligible_ew,-0.2368480302013407,-0.012690842568583882,-0.07010676900572471,-0.025803440432893066
2134.0,1.3199245725409745,0.10448065446342159,0.20796667454883977,0.5821803634757929,0.4481163109251395,0.6320907579361947,-0.409712985064964,529.0,0.25500938040041654,0.1326131087040129,1.5973230300505847,0.0,2.0,2.0,1.0,0.0,0.0,1.0,1.0,1.0,0.0,0.0,0.999496625923688,0.999496625923688,0.0,0.999496625923688,0.999496625923688,0.0,XS032_GROSS_PROFIT_AT,monthly,20,0,factor_topk,2134.0,1.5705329434910782,0.11794092931209721,0.19660001939675975,0.6658443318903532,0.5240205855933064,0.7344823448253358,-0.37517402345810047,524.0,0.314363260614361,0.0804535912336781,0.9690623753844715,0.0,32.0,32.0,18.0,200.0,0.0,1.0,1.0,1.0,0.0,0.0,0.9925067372652354,0.9925067372652354,0.0,0.9925067372652354,0.9925067372652354,0.0,0,eligible_ew,-0.2506083709501037,-0.013460274848675624,-0.07590427466816696,-0.03453896160686354
2134.0,1.3042861489671913,0.10359883878050713,0.20797137015041045,0.5783304609676877,0.44427001797181304,0.6265432079056923,-0.4097850876714436,529.0,0.2528126129947665,0.1326131087040129,1.5973230300505847,0.01018432876879595,2.0,2.0,1.0,0.0,0.0,1.0,1.0,1.0,0.0,0.0,0.999496625923688,0.999496625923688,0.0,0.999496625923688,0.999496625923688,0.0,XS032_GROSS_PROFIT_AT,monthly,20,5,factor_topk,2134.0,1.5600067836429203,0.11739935597158557,0.19659704826961322,0.6633858309065543,0.521560297183235,0.7309567676978026,-0.3752140317149576,528.0,0.3128863689745256,0.0804535912336781,0.9690623753844715,0.006203933401389944,32.0,32.0,18.0,200.0,0.0,1.0,1.0,1.0,0.0,0.0,0.9925067372652354,0.9925067372652354,0.0,0.9925067372652354,0.9925067372652354,0.0,0,eligible_ew,-0.25572063467572903,-0.013800517191078443,-0.07729027921142201,-0.03457105595648602
2134.0,1.2887509766089078,0.1027176038965707,0.20797658894027682,0.5744792871324176,0.44042278955598935,0.6209967896327718,-0.40985719027792256,529.0,0.2506180355819018,0.1326131087040129,1.5973230300505847,0.020290937305959614,2.0,2.0,1.0,0.0,0.0,1.0,1.0,1.0,0.0,0.0,0.999496625923688,0.999496625923688,0.0,0.999496625923688,0.999496625923688,0.0,XS032_GROSS_PROFIT_AT,monthly,20,10,factor_topk,2134.0,1.5495226721818658,0.11685799038696731,0.19659432333256097,0.6609264279496114,0.5190992842793761,0.7274315987214037,-0.37525403997181406,528.0,0.31141034589726124,0.0804535912336781,0.9690623753844715,0.012378684678600782,32.0,32.0,18.0,200.0,0.0,1.0,1.0,1.0,0.0,0.0,0.9925067372652354,0.9925067372652354,0.0,0.9925067372652354,0.9925067372652354,0.0,0,eligible_ew,-0.260771695572958,-0.014140386490396617,-0.07867649472338678,-0.0346031503061085
2134.0,1.2579877180902748,0.10095687520135521,0.20798859592341556,0.56677324257237,0.432725643065133,0.6099074856819353,-0.4100013954908813,530.0,0.2462354428830244,0.1326131087040129,1.5973230300505847,0.04027314959326209,2.0,2.0,1.0,0.0,0.0,1.0,1.0,1.0,0.0,0.0,0.999496625923688,0.999496625923688,0.0,0.999496625923688,0.999496625923688,0.0,XS032_GROSS_PROFIT_AT,monthly,20,20,factor_topk,2134.0,1.5286799381470617,0.11577588215198964,0.19658961206876419,0.6560049527985534,0.5141751217430917,0.7203824983495981,-0.3753340564855281,529.0,0.308460903431111,0.08045359123367808,0.9690623753844713,0.02464113486841703,32.0,32.0,18.0,200.0,0.0,1.0,1.0,1.0,0.0,0.0,0.9925067372652354,0.9925067372652354,0.0,0.9925067372652354,0.9925067372652354,0.0,0,eligible_ew,-0.27069222005678695,-0.014819006950634428,-0.08144947867795865,-0.03466733900535324
2134.0,2.8041107130109015,0.17090319296735257,0.2416644456593698,0.7745693743918333,0.65914927424924,0.9386811714016715,-0.4633743854039717,287.0,0.3688231338431848,0.08211130092241889,4.305187084164763,0.0,4.0,3.0,2.0,82.0,0.0,1.0,1.0,1.0,0.0,0.0,0.990633940066655,0.990633940066655,0.0,0.990633940066655,0.990633940066655,0.0,XS041_ASSET_GROWTH,weekly,20,0,factor_topk,2134.0,1.554974591658628,0.11713975436900026,0.19784206432049242,0.6593224688524222,0.5183903845409221,0.7270851673948476,-0.3975821321254597,487.0,0.29463032894052704,0.03031771603175526,1.5895916641804277,0.0,56.0,65.0,30.0,1644.0,0.0,1.0,1.0,1.0,0.0,0.0,0.9922844010816854,0.9922844010816854,0.0,0.9922844010816854,0.9922844010816854,0.0,0,eligible_ew,1.2491361213522736,0.05376343859835231,0.14075888970831785,-0.06579225327851201
2134.0,2.735389967706155,0.16838524335227012,0.2416711590673639,0.7656443157017825,0.650228813356018,0.9255721265141859,-0.4638847737360715,287.0,0.3629893734086503,0.08211130092241889,4.305187084164763,0.0338134537177984,4.0,3.0,2.0,82.0,0.0,1.0,1.0,1.0,0.0,0.0,0.990633940066655,0.990633940066655,0.0,0.990633940066655,0.990633940066655,0.0,XS041_ASSET_GROWTH,weekly,20,5,factor_topk,2134.0,1.5378355561442887,0.1162521864852506,0.19784397589687916,0.6552997696327509,0.5143696226528487,0.7213184994075915,-0.397687787365434,487.0,0.2923202325507342,0.030317716031755263,1.5895916641804277,0.010342850998239662,56.0,65.0,30.0,1644.0,0.0,1.0,1.0,1.0,0.0,0.0,0.9922844010816854,0.9922844010816854,0.0,0.9922844010816854,0.9922844010816854,0.0,0,eligible_ew,1.1975544115618662,0.05213305686701952,0.13585919070316932,-0.06619698637063753
2134.0,2.667900983819927,0.1658723454721267,0.24167908080516806,0.7567159694648139,0.6413056414931302,0.912470040257733,-0.464394753915891,287.0,0.3571796280501668,0.08211130092241889,4.305187084164763,0.06687980940348699,4.0,3.0,2.0,82.0,0.0,1.0,1.0,1.0,0.0,0.0,0.990633940066655,0.990633940066655,0.0,0.990633940066655,0.990633940066655,0.0,XS041_ASSET_GROWTH,weekly,20,10,factor_topk,2134.0,1.5208106255644083,0.11536527855244372,0.19784608012232527,0.6512765139778863,0.5103484409150242,0.7155538007743405,-0.3977934278192735,488.0,0.2900130331083719,0.030317716031755263,1.5895916641804277,0.020604911230975253,56.0,65.0,30.0,1644.0,0.0,1.0,1.0,1.0,0.0,0.0,0.9922844010816854,0.9922844010816854,0.0,0.9922844010816854,0.9922844010816854,0.0,0,eligible_ew,1.1470903582555185,0.050507066919682986,0.130957200578106,-0.06660132609661751
2134.0,2.5365310580679292,0.1608616669554448,0.24169854877684505,0.7388499528784792,0.6234517024299409,0.88628631992743,-0.4654134908872559,314.0,0.34563172341390663,0.08211130092241889,4.305187084164763,0.13082990336180317,4.0,3.0,2.0,82.0,0.0,1.0,1.0,1.0,0.0,0.0,0.990633940066655,0.990633940066655,0.0,0.990633940066655,0.990633940066655,0.0,XS041_ASSET_GROWTH,weekly,20,20,factor_topk,2134.0,1.487100066504631,0.11359344060404575,0.1978508664952463,0.6432283805283541,0.5023048649822484,0.7040303244054938,-0.39800466437484316,488.0,0.2854073099431387,0.030317716031755263,1.5895916641804277,0.04088896955260221,56.0,65.0,30.0,1644.0,0.0,1.0,1.0,1.0,0.0,0.0,0.9922844010816854,0.9922844010816854,0.0,0.9922844010816854,0.9922844010816854,0.0,0,eligible_ew,1.0494309915632982,0.047268226351399045,0.1211468374476925,-0.06740882651241276
2134.0,2.978928845236808,0.17713221746932173,0.23530481586813318,0.8113383372452552,0.6927857127045052,0.9947929678977667,-0.42404294657958375,316.0,0.41772235312037626,0.2539918170190196,3.0593278653499905,0.0,4.0,3.0,2.0,20.0,0.0,1.0,1.0,1.0,0.0,0.0,0.9896899885749036,0.9896899885749036,0.0,0.9896899885749036,0.9896899885749036,0.0,XS041_ASSET_GROWTH,monthly,20,0,factor_topk,2134.0,1.4677086505469292,0.11256460275027158,0.1961094504433634,0.6424864972884542,0.5003134318300141,0.7000899259466485,-0.3937788327778249,488.0,0.2858574239661632,0.07188358632100984,0.865836786689427,0.0,56.0,65.0,30.0,394.0,0.0,1.0,1.0,1.0,0.0,0.0,0.9917631021400518,0.9917631021400518,0.0,0.9917631021400518,0.9917631021400518,0.0,0,eligible_ew,1.5112201946898787,0.06456761471905015,0.1924722808744911,-0.030264113801758863
2134.0,2.9277106260846453,0.17533265138253307,0.2353158601234826,0.8048066088352493,0.6862606606043652,0.9850672892039886,-0.4243126441606855,316.0,0.4132157120355228,0.2539918170190196,3.0593278653499905,0.024864233683995065,4.0,3.0,2.0,20.0,0.0,1.0,1.0,1.0,0.0,0.0,0.9896899885749036,0.9896899885749036,0.0,0.9896899885749036,0.9896899885749036,0.0,XS041_ASSET_GROWTH,monthly,20,5,factor_topk,2134.0,1.4586780117107074,0.11208303453334856,0.19611006075974124,0.6402767219907274,0.49810441156990126,0.6969412863223071,-0.393799466400393,488.0,0.284619569340373,0.07188358632100984,0.8658367866894269,0.00540078127560453,56.0,65.0,30.0,394.0,0.0,1.0,1.0,1.0,0.0,0.0,0.9917631021400518,0.9917631021400518,0.0,0.9917631021400518,0.9917631021400518,0.0,0,eligible_ew,1.4690326143739378,0.06324961684918451,0.18815624903446393,-0.030513177760292498
2134.0,2.8771334867448966,0.1735351851936946,0.23532920659670675,0.7982676840106101,0.6797295728055037,0.9753393811971173,-0.42458234174178733,317.0,0.4087197420453044,0.2539918170190196,3.0593278653499905,0.04934315992104215,4.0,3.0,2.0,20.0,0.0,1.0,1.0,1.0,0.0,0.0,0.9896899885749036,0.9896899885749036,0.0,0.9896899885749036,0.9896899885749036,0.0,XS041_ASSET_GROWTH,monthly,20,10,factor_topk,2134.0,1.4496795704862047,0.11160162920119743,0.1961108766772704,0.6380662915025411,0.4958948850604359,0.6937929936380206,-0.39382010002296064,488.0,0.2833822580276903,0.07188358632100984,0.8658367866894269,0.010778924118756932,56.0,65.0,30.0,394.0,0.0,1.0,1.0,1.0,0.0,0.0,0.9917631021400518,0.9917631021400518,0.0,0.9917631021400518,0.9917631021400518,0.0,0,eligible_ew,1.427453916258692,0.06193355599249717,0.18383468774506784,-0.03076224171882669
2134.0,2.7778713237287636,0.16994654458056346,0.23536280456262784,0.7851690234197126,0.6666500655492816,0.9558781547391146,-0.42512173690399113,317.0,0.39975971545991296,0.25399181701901963,3.059327865349991,0.09716582199345246,4.0,3.0,2.0,20.0,0.0,1.0,1.0,1.0,0.0,0.0,0.9896899885749036,0.9896899885749036,0.0,0.9896899885749036,0.9896899885749036,0.0,XS041_ASSET_GROWTH,monthly,20,20,factor_topk,2134.0,1.4317788324619136,0.11063930693921864,0.19611312530487102,0.633643492835354,0.4914743411385077,0.6874974593942115,-0.39386136726809684,488.0,0.28090926436028885,0.07188358632100984,0.865836786689427,0.021467636630960477,56.0,65.0,30.0,394.0,0.0,1.0,1.0,1.0,0.0,0.0,0.9917631021400518,0.9917631021400518,0.0,0.9917631021400518,0.9917631021400518,0.0,0,eligible_ew,1.34609249126685,0.05930723764134482,0.17517572441077395,-0.03126036963589429
2134.0,2.431054057714638,0.15671834133781304,0.27522557321579977,0.6680980138456728,0.5668018688551851,0.7868406600634962,-0.5582703175441985,572.0,0.2807212499263953,0.09061198846528994,4.750887612654339,0.0,5.0,10.0,4.0,36.0,0.0,1.0,1.0,1.0,0.0,0.0,0.9961125542909393,0.9961125542909393,0.0,0.9961125542909393,0.9961125542909393,0.0,XS056_CFO_ACCRUALS_PT,weekly,20,0,factor_topk,2134.0,1.5528760398705712,0.11703136065807285,0.1975709165614566,0.6594731691000044,0.5183492679566055,0.7266232839436577,-0.3979539590684261,487.0,0.29408266456761123,0.03151209063062869,1.6522140564572552,0.0,51.0,65.0,30.0,1371.0,0.0,1.0,1.0,1.0,0.0,0.0,0.9928034697282159,0.9928034697282159,0.0,0.9928034697282159,0.9928034697282159,0.0,0,eligible_ew,0.8781780178440668,0.03968698067974019,0.04845260089857961,-0.1603163584757724
2134.0,2.3627207027756985,0.15397370861315718,0.2752349754131179,0.659454119179759,0.5581620516628898,0.774544109124463,-0.5586956434236388,572.0,0.27559496914924836,0.09061198846528994,4.750887612654339,0.03224721692594906,5.0,10.0,4.0,36.0,0.0,1.0,1.0,1.0,0.0,0.0,0.9961125542909393,0.9961125542909393,0.0,0.9961125542909393,0.9961125542909393,0.0,XS056_CFO_ACCRUALS_PT,weekly,20,5,factor_topk,2134.0,1.535078796522709,0.1161089307604668,0.1975729518197229,0.6552861322235561,0.5141642741406384,0.7206242532647942,-0.3980744333065741,487.0,0.2916764329625921,0.03151209063062869,1.6522140564572552,0.010573663442973055,51.0,65.0,30.0,1371.0,0.0,1.0,1.0,1.0,0.0,0.0,0.9928034697282159,0.9928034697282159,0.0,0.9928034697282159,0.9928034697282159,0.0,0,eligible_ew,0.8276419062529894,0.03786477785269038,0.043997777522251424,-0.16062121011706465
2134.0,2.295739853184686,0.1512352404976145,0.2752453909234083,0.6508084191021907,0.5495208007955857,0.7622560523349714,-0.5591206303324816,582.0,0.2704876770647549,0.09061198846528994,4.750887612654339,0.06373893320970686,5.0,10.0,4.0,36.0,0.0,1.0,1.0,1.0,0.0,0.0,0.9961125542909393,0.9961125542909393,0.0,0.9961125542909393,0.9961125542909393,0.0,XS056_CFO_ACCRUALS_PT,weekly,20,10,factor_topk,2134.0,1.517404727788192,0.11518721561998002,0.19757518697350346,0.6510985228643585,0.5099788498771304,0.7146273497052195,-0.3981948878519874,487.0,0.28927346667191806,0.03151209063062869,1.6522140564572554,0.021061352299674714,51.0,65.0,30.0,1371.0,0.0,1.0,1.0,1.0,0.0,0.0,0.9928034697282159,0.9928034697282159,0.0,0.9928034697282159,0.9928034697282159,0.0,0,eligible_ew,0.7783351253964943,0.03604802487763448,0.03954195091845536,-0.16092574248049418
2134.0,2.1657297704169998,0.14577674551622888,0.27526926141162067,0.6335119865718563,0.5322343812951726,0.7377052334632171,-0.5599695881235686,589.0,0.2603297547010005,0.09061198846528994,4.750887612654339,0.12452078508946599,5.0,10.0,4.0,36.0,0.0,1.0,1.0,1.0,0.0,0.0,0.9961125542909393,0.9961125542909393,0.0,0.9961125542909393,0.9961125542909393,0.0,XS056_CFO_ACCRUALS_PT,weekly,20,20,factor_topk,2134.0,1.4824227327817732,0.11334592743252925,0.19758025693986553,0.6427216377093115,0.5016067609385099,0.7026399395901105,-0.39843573787469067,487.0,0.28447731129022596,0.03151209063062869,1.6522140564572554,0.041781368893461,51.0,65.0,30.0,1371.0,0.0,1.0,1.0,1.0,0.0,0.0,0.9928034697282159,0.9928034697282159,0.0,0.9928034697282159,0.9928034697282159,0.0,0,eligible_ew,0.6833070376352266,0.03243081808369963,0.030627620356662777,-0.1615338502488779
2134.0,2.574100170643656,0.16231115423899767,0.2670894154401616,0.697803189117757,0.5934185683851795,0.83233724641664,-0.5011004186803487,426.0,0.3239094364886886,0.2652526512744859,3.1949644556510703,0.0,5.0,10.0,4.0,9.0,0.0,1.0,1.0,1.0,0.0,0.0,0.9944108487911487,0.9944108487911487,0.0,0.9944108487911487,0.9944108487911487,0.0,XS056_CFO_ACCRUALS_PT,monthly,20,0,factor_topk,2134.0,1.4693450260819914,0.11265169780630857,0.1957996869460551,0.6436008554007565,0.5012043096854201,0.7009672426718346,-0.39367812853738415,487.0,0.2861517814688835,0.07695735997376127,0.9269503190091658,0.0,51.0,65.0,30.0,328.0,0.0,1.0,1.0,1.0,0.0,0.0,0.9923093934457248,0.9923093934457248,0.0,0.9923093934457248,0.9923093934457248,0.0,0,eligible_ew,1.1047551445616648,0.0496594564326891,0.09221425869975941,-0.10742229014296456
2134.0,2.526068957259088,0.1604556022614707,0.267087224212907,0.6918221882582247,0.5874371960945317,0.8237181573044987,-0.501326343304073,426.0,0.3200621798646405,0.2652526512744859,3.1949644556510703,0.02202299584918268,5.0,10.0,4.0,9.0,0.0,1.0,1.0,1.0,0.0,0.0,0.9944108487911487,0.9944108487911487,0.0,0.9944108487911487,0.9944108487911487,0.0,XS056_CFO_ACCRUALS_PT,monthly,20,5,factor_topk,2134.0,1.4596718111522646,0.11213610623815073,0.19580016677666928,0.6412317697058983,0.49883590343912865,0.6975906480980665,-0.3937135646481039,488.0,0.2848164663525793,0.07695735997376127,0.9269503190091658,0.005659557336645695,51.0,65.0,30.0,328.0,0.0,1.0,1.0,1.0,0.0,0.0,0.9923093934457248,0.9923093934457248,0.0,0.9923093934457248,0.9923093934457248,0.0,0,eligible_ew,1.0663971461068233,0.048319496023319974,0.08860129265540306,-0.10761277865596908
2134.0,2.47866986724695,0.15860248736905658,0.2670866939422213,0.6858368241566608,0.5814521089853183,0.8150991397201109,-0.5015522246601464,572.0,0.31622327560510016,0.2652526512744859,3.1949644556510703,0.04370181411271011,5.0,10.0,4.0,9.0,0.0,1.0,1.0,1.0,0.0,0.0,0.9944108487911487,0.9944108487911487,0.0,0.9944108487911487,0.9944108487911487,0.0,XS056_CFO_ACCRUALS_PT,monthly,20,10,factor_topk,2134.0,1.4500355699014018,0.11162070432985138,0.19580086901855023,0.6388619699348456,0.4964669447069474,0.6942144450465899,-0.393749000758823,488.0,0.283481873261237,0.07695735997376127,0.9269503190091657,0.011293670690503344,51.0,65.0,30.0,328.0,0.0,1.0,1.0,1.0,0.0,0.0,0.9923093934457248,0.9923093934457248,0.0,0.9923093934457248,0.9923093934457248,0.0,0,eligible_ew,1.028634297345548,0.046981783039205194,0.08498516427837088,-0.10780322390132335
2134.0,2.385735570404853,0.1549035581451248,0.26709061627914044,0.6738534529188716,0.5694712369043238,0.7978619154227846,-0.502003857569344,589.0,0.30857045381115883,0.2652526512744859,3.1949644556510703,0.08604631770759265,5.0,10.0,4.0,9.0,0.0,1.0,1.0,1.0,0.0,0.0,0.9944108487911487,0.9944108487911487,0.0,0.9944108487911487,0.9944108487911487,0.0,XS056_CFO_ACCRUALS_PT,monthly,20,20,factor_topk,2134.0,1.4308734559643073,0.1105904691925097,0.19580294072578255,0.6341202605352948,0.49172740212003463,0.6874632277077937,-0.39381987298026133,488.0,0.2808148516112406,0.07695735997376127,0.9269503190091657,0.022485979583246562,51.0,65.0,30.0,328.0,0.0,1.0,1.0,1.0,0.0,0.0,0.9923093934457248,0.9923093934457248,0.0,0.9923093934457248,0.9923093934457248,0.0,0,eligible_ew,0.9548621144405458,0.0443130889526151,0.07774383478428915,-0.10818398458908263
