arm_id,native_target_weeks,native_start_x,native_end,spearman_y5,block95_lower_spearman,one_sided_block_p,pooled_q75,top_score_fraction,y5_loss_capture,top_mean_y5,rest_mean_y5,top_rest_mean_ratio,mae5_precision,mae5_recall,mae5_lift,mae10_precision,mae10_recall,mae10_lift,false_alert_y5_zero,bh_q_value,common_weeks,common_spearman_y5,common_y5_capture,common_top_rest_ratio,minimum_leaveout_spearman,cost_bps,native_start_y,mean_daily_target_weight,dynamic_cagr,dynamic_sharpe,dynamic_mdd,dynamic_turnover,static_cagr,static_mdd,always_spy_mdd,active_terminal_wealth,positive_year_fraction,reference_positive,robust_reference_positive
R4B__RV21,874,2004-12-31,2021-09-24,0.1368420691154034,0.001297031111376,0.049,-1.7016391575885317,0.2505720823798627,0.485863645075994,0.0413179930295894,0.0146186053902698,2.826397725811153,0.410958904109589,0.3321033210332103,1.325380377091442,0.2420091324200913,0.4491525423728814,1.7925083197894898,0.589041095890411,0.1666,874,0.13684206911540348,0.48586364507599406,2.8263977258111534,-0.0414769695650277,10,2005-01-03,0.898714953271028,0.0926186474170951,0.7064951201367987,-0.4239335322632046,22.70535650439556,0.0965994273570032,-0.5094530456196034,-0.5520110457220236,-0.0598976055235971,0.5882352941176471,False,False
R4B__RV126,874,2004-12-31,2021-09-24,0.1571008954611741,0.0081588373955085,0.0385,-1.6754143172643436,0.2505720823798627,0.4766763422104065,0.0405367019830001,0.014879830946305,2.724271675483403,0.4063926940639269,0.3284132841328413,1.3106539284570926,0.2237442922374429,0.4152542372881356,1.6572246730129243,0.593607305936073,0.1666,874,0.15710089546117412,0.4766763422104065,2.724271675483403,-0.009316029678378081,10,2005-01-03,0.9239485981308412,0.0865171918108933,0.6110629887522614,-0.3980266995041054,7.979006330062683,0.0987021998104467,-0.5203498938329494,-0.5520110457220236,-0.1725548349236814,0.5882352941176471,False,False
R4B__RV_RATIO,874,2004-12-31,2021-09-24,0.058313077219746,-0.0605281681342131,0.2145,0.1195987845837499,0.2505720823798627,0.330849618433457,0.0281355527766185,0.0190261693832479,1.4787817878564264,0.3424657534246575,0.2767527675276753,1.1044836475762017,0.1917808219178082,0.3559322033898305,1.420478291153935,0.6575342465753424,0.3315,874,0.058313077219746004,0.330849618433457,1.4787817878564264,-0.014885022657972603,10,2005-01-03,0.8801401869158878,0.0950535716591547,0.6846683127505511,-0.477651419105574,46.48644815484445,0.0950408239884819,-0.501304530107,-0.5520110457220236,0.0001977352782855,0.47058823529411764,False,False
R4B__DOWNSIDE_VAR63,874,2004-12-31,2021-09-24,0.078845603912142,-0.0530602302601855,0.1735,0.5482170370489569,0.2505720823798627,0.418953387737585,0.0356279242740149,0.016521086394042,2.1565121944319183,0.3607305936073059,0.2915129151291513,1.163389442113599,0.2100456621004566,0.3898305084745763,1.5557619379305003,0.639269406392694,0.2949499999999999,874,0.07884560391214206,0.41895338773758506,2.1565121944319183,-0.049251059924715686,10,2005-01-03,0.8539719626168224,0.0794549036093745,0.595419761586757,-0.4068597985863031,61.90155107832236,0.0928297309327292,-0.489639704179301,-0.5520110457220236,-0.1887234547712013,0.29411764705882354,False,False
R4B__RET21,874,2004-12-31,2021-09-24,0.0592739345388671,-0.0391439167010395,0.167,0.010869930938005,0.2505720823798627,0.3644015161902781,0.0309888164272236,0.0180721774145723,1.714725111221858,0.365296803652968,0.2952029520295203,1.1781158907479483,0.2191780821917808,0.4067796610169492,1.6234037613187833,0.634703196347032,0.2949499999999999,874,0.059273934538867104,0.36440151619027816,1.714725111221858,-0.008011829683267326,10,2005-01-03,0.8929906542056075,0.0846500950139579,0.6326517682148322,-0.4126939662992184,65.57832772008042,0.0961200698099886,-0.5069534270442975,-0.5520110457220236,-0.1636106246251356,0.29411764705882354,False,False
R4B__RET126,874,2004-12-31,2021-09-24,0.1624452571697938,0.0079780383104507,0.043,-0.0115281631344231,0.2505720823798627,0.5233177151199787,0.0445030986053833,0.0135536616939357,3.2834742086926427,0.4337899543378995,0.3505535055350554,1.399012620263189,0.2831050228310502,0.5254237288135594,2.0968965250367617,0.5662100456621004,0.1666,874,0.16244525716979383,0.5233177151199787,3.2834742086926427,0.006159830217533878,10,2005-01-03,0.9037383177570092,0.0855704834099686,0.6295501848732329,-0.3520560392455908,25.99122957747377,0.0970193767479601,-0.5116381372020496,-0.5520110457220236,-0.1632115183196417,0.47058823529411764,False,False
R4B__SMA_GAP,874,2004-12-31,2021-09-24,0.1499754746414305,-0.0149233845651716,0.0705,-0.0143502017007821,0.2505720823798627,0.498117301875257,0.0423600477528641,0.0142701932003505,2.9684284689168523,0.4018264840182648,0.3247232472324723,1.2959274798227434,0.2511415525114155,0.4661016949152542,1.8601501431777725,0.5981735159817352,0.1997499999999999,874,0.1499754746414305,0.49811730187525705,2.9684284689168523,0.011499517683292352,10,2005-01-03,0.9065420560747663,0.101355775150818,0.7016997642769166,-0.3369994047056155,10.135438261220528,0.0972534775671729,-0.512854295622869,-0.5520110457220236,0.0654317200784617,0.6470588235294118,True,False
R4B__DRAWDOWN252,874,2004-12-31,2021-09-24,0.1199701899654177,-0.0294869106335778,0.0945,0.0573290891589831,0.2505720823798627,0.5081384936601373,0.0432122529682823,0.0139852574107679,3.0898432327038265,0.4063926940639269,0.3284132841328413,1.3106539284570926,0.2694063926940639,0.5,1.9954337899543375,0.593607305936073,0.2295,874,0.1199701899654177,0.5081384936601373,3.0898432327038265,-0.06964173140056894,10,2005-01-03,0.91553738317757,0.0902983463483959,0.6761491001157716,-0.3534793189089135,24.8709256595756,0.098003148230864,-0.5167396056099607,-0.5520110457220236,-0.1127242740259044,0.47058823529411764,False,False
R4B__SKEW63,874,2004-12-31,2021-09-24,0.0047241987026892,-0.1241304329176884,0.486,0.6115676067608133,0.2505720823798627,0.2152877253840018,0.018308134034974,0.0223119780922863,0.8205518111952389,0.2511415525114155,0.2029520295202952,0.8099546748892146,0.1050228310502283,0.1949152542372881,0.7778809689652503,0.7488584474885844,0.5508000000000001,874,0.004724198702689207,0.2152877253840018,0.8205518111952389,-0.03309714445365548,10,2005-01-03,0.7994158878504672,0.0974087660945783,0.6572953516562413,-0.4260555795512405,40.24337495782663,0.0881629582724186,-0.4646129637596757,-0.5520110457220236,0.1545372541568357,0.5294117647058824,False,False
R4B__KURT126,874,2004-12-31,2021-09-24,0.0397996032646644,-0.101445784706432,0.3385,2.837245025801547,0.2505720823798627,0.3426991926879706,0.0291432441966568,0.0186892466031129,1.5593589626990405,0.3333333333333333,0.2693726937269373,1.075030750307503,0.1643835616438356,0.3050847457627119,1.2175528209890871,0.6666666666666666,0.4426538461538462,874,0.039799603264664474,0.34269919268797067,1.5593589626990405,-0.011452349095373642,10,2005-01-03,0.8169392523364486,0.0870940371947042,0.6602256651304881,-0.4344218109520389,23.541384177020085,0.0896702696904048,-0.4727568594135967,-0.5520110457220236,-0.039404568591672,0.5882352941176471,False,False
R4B__VIX_LEVEL,874,2004-12-31,2021-09-24,0.1536615281083025,0.0234236086496508,0.029,-1.5154935441612454,0.2505720823798627,0.4064870037948832,0.0345677791693772,0.0168755471236842,2.0483945744705667,0.3698630136986301,0.2988929889298893,1.1928423393822978,0.2100456621004566,0.3898305084745763,1.5557619379305003,0.6301369863013698,0.1666,874,0.15366152810830255,0.4064870037948832,2.0483945744705667,-0.032997004059700526,10,2005-01-03,0.8891355140186916,0.0868897753530932,0.6845654581754874,-0.3996740584009087,41.04601328731422,0.0957967513642867,-0.5052642157887444,-0.5520110457220236,-0.1294380696942174,0.5294117647058824,False,False
R4B__VIX_RV_GAP,874,2004-12-31,2021-09-24,0.0117002127782055,-0.083414107320853,0.3715,0.0178529548357802,0.2505720823798627,0.2465065882340406,0.020962995683303,0.0214243220602495,0.9784671656984452,0.3105022831050228,0.2509225092250922,1.0013985071357565,0.1643835616438356,0.3050847457627119,1.2175528209890871,0.6894977168949772,0.4511071428571429,874,0.011700212778205571,0.24650658823404065,0.9784671656984452,-0.0018788766782588764,10,2005-01-03,0.8827102803738318,0.0740241692787524,0.5232391081546766,-0.4957583772301989,73.32371488018595,0.0952570198143731,-0.5024384721860677,-0.5520110457220236,-0.2828646857583488,0.35294117647058826,False,False
R4B__DOWN_VOLUME21,874,2004-12-31,2021-09-24,0.0275546546375157,-0.0616416513502192,0.308,0.5870397838667862,0.2505720823798627,0.2899820468506604,0.0246601619855867,0.0201881702736844,1.2215154544110216,0.3150684931506849,0.2546125461254612,1.0161249557701055,0.182648401826484,0.3389830508474576,1.3528364677656526,0.684931506849315,0.4363333333333333,874,0.027554654637515743,0.2899820468506604,1.2215154544110216,-0.06220253215836405,10,2005-01-03,0.8691588785046729,0.0730557159301008,0.5448032624382645,-0.4876883489534301,81.45780305292809,0.0941151306025764,-0.4964359687546443,-0.5520110457220236,-0.2811451592694763,0.23529411764705882,False,False
R4B__VOLUME_SHOCK,874,2004-12-31,2021-09-24,0.0802679727861707,-0.0342870571667992,0.124,0.2699369545754905,0.2505720823798627,0.3116790247221664,0.0265052796220747,0.0195712530791946,1.3542965038989458,0.3835616438356164,0.3099630996309963,1.237021685285346,0.1598173515981735,0.2966101694915254,1.183731909294946,0.6164383561643836,0.2635,874,0.08026797278617073,0.31167902472216646,1.3542965038989458,0.004476217373799688,10,2005-01-03,0.9489485981308412,0.0951120062235437,0.604874638241547,-0.5466123580892739,19.918550809528952,0.1007688245474658,-0.5309517076775978,-0.5520110457220236,-0.0837865916675083,0.5294117647058824,False,False
R4B__YC_10Y3M,874,2004-12-31,2021-09-24,-0.1181464634159108,-0.2680836668279833,0.912,-0.7625000000000001,0.2505720823798627,0.2611332792488557,0.0222068539623096,0.0210084366203985,1.0570445751659363,0.319634703196347,0.2583025830258302,1.030851404404455,0.1050228310502283,0.1949152542372881,0.7778809689652503,0.680365296803653,0.912,874,-0.11814646341591084,0.26113327924885577,1.0570445751659365,-0.16079715144814694,10,2005-01-03,0.8751168224299065,0.0930724189151943,0.5954661619475276,-0.5392786452350514,13.876307295034133,0.0946177598857123,-0.4990821616330366,-0.5520110457220236,-0.0237089256941036,0.7647058823529411,False,False
R4B__YC_10Y2Y,874,2004-12-31,2021-09-24,-0.0736799994269696,-0.2111606634908689,0.81,-0.4399999999999999,0.2494279176201373,0.2858591533857532,0.0244210615605353,0.0202744444876678,1.2045243249643516,0.3348623853211009,0.2693726937269373,1.07996208402451,0.1238532110091743,0.2288135593220339,0.9173534442543928,0.6651376146788991,0.8606250000000001,874,-0.07367999942696962,0.28585915338575324,1.2045243249643516,-0.10991102042103461,10,2005-01-03,0.893107476635514,0.1020756992165146,0.6195221571280533,-0.5520110457220234,7.647462943190703,0.0961298612381671,-0.5070045423894984,-0.5520110457220236,0.0962328174529112,0.6470588235294118,False,False
R4B__RSP_SPY63,874,2004-12-31,2021-09-24,0.2097542491296886,0.077360972895768,0.004,0.0100084942395435,0.2505720823798627,0.4916430921946174,0.0418094789808068,0.0144542764997101,2.8925334991097853,0.4703196347031963,0.3800738007380074,1.5168242093379838,0.2785388127853881,0.5169491525423728,2.06307561334262,0.5296803652968036,0.068,874,0.2097542491296886,0.4916430921946174,2.8925334991097853,0.172051939391229,10,2009-01-05,0.8117359413202934,0.1552879814050189,1.1145057943814791,-0.2294215587764876,42.45550425839316,0.1286188913715618,-0.2814207624349928,-0.3369994047056154,0.3542449349731791,0.7692307692307693,True,True
