frequency,signal_date,common_names,median_available_factors,minimum_available_factors
monthly,2014-01-31,388,11.0,10
monthly,2014-02-28,392,11.0,10
monthly,2014-03-31,393,11.0,10
monthly,2014-04-30,394,11.0,10
monthly,2014-05-30,396,11.0,10
monthly,2014-06-30,396,11.0,10
monthly,2014-07-31,398,11.0,10
monthly,2014-08-29,400,11.0,10
monthly,2014-09-30,401,11.0,10
monthly,2014-10-31,401,11.0,10
monthly,2014-11-28,400,11.0,10
monthly,2014-12-31,400,11.0,10
monthly,2015-01-30,400,11.0,10
monthly,2015-02-27,400,11.0,10
monthly,2015-03-31,404,11.0,10
monthly,2015-04-30,406,11.0,10
monthly,2015-05-29,406,11.0,10
monthly,2015-06-30,407,11.0,10
monthly,2015-07-31,409,11.0,10
monthly,2015-08-31,410,11.0,10
monthly,2015-09-30,412,11.0,10
monthly,2015-10-30,411,11.0,10
monthly,2015-11-30,412,11.0,10
monthly,2015-12-31,417,12.0,10
monthly,2016-01-29,420,13.0,10
monthly,2016-02-29,423,13.0,10
monthly,2016-03-31,425,13.0,10
monthly,2016-04-29,425,13.0,10
monthly,2016-05-31,429,13.0,10
monthly,2016-06-30,431,13.0,10
monthly,2016-07-29,435,13.0,10
monthly,2016-08-31,435,13.0,10
monthly,2016-09-30,438,13.0,10
monthly,2016-10-31,440,13.0,10
monthly,2016-11-30,441,13.0,10
monthly,2016-12-30,442,13.0,10
monthly,2017-01-31,443,13.0,10
monthly,2017-02-28,444,13.0,10
monthly,2017-03-31,447,13.0,10
monthly,2017-04-28,449,13.0,10
monthly,2017-05-31,449,13.0,10
monthly,2017-06-30,450,13.0,10
monthly,2017-07-31,452,13.0,10
monthly,2017-08-31,452,13.0,10
monthly,2017-09-29,452,13.0,10
monthly,2017-10-31,489,13.0,10
monthly,2017-11-30,490,13.0,10
monthly,2017-12-29,490,13.0,10
monthly,2018-01-31,491,13.0,10
monthly,2018-02-28,493,13.0,10
monthly,2018-03-29,493,13.0,10
monthly,2018-04-30,493,13.0,10
monthly,2018-05-31,493,13.0,10
monthly,2018-06-29,492,13.0,10
monthly,2018-07-31,493,13.0,10
monthly,2018-08-31,493,13.0,10
monthly,2018-09-28,494,13.0,10
monthly,2018-10-31,493,13.0,10
monthly,2018-11-30,493,13.0,10
monthly,2018-12-31,495,13.0,10
monthly,2019-01-31,494,13.0,10
monthly,2019-02-28,495,13.0,10
monthly,2019-03-29,495,13.0,10
monthly,2019-04-30,494,13.0,10
monthly,2019-05-31,494,13.0,10
monthly,2019-06-28,493,13.0,10
monthly,2019-07-31,493,13.0,10
monthly,2019-08-30,494,13.0,10
monthly,2019-09-30,495,13.0,10
monthly,2019-10-31,494,14.0,10
monthly,2019-11-29,495,14.0,10
monthly,2019-12-31,495,14.0,10
monthly,2020-01-31,495,14.0,10
monthly,2020-02-28,496,14.0,10
monthly,2020-03-31,499,14.0,10
monthly,2020-04-30,497,14.0,10
monthly,2020-05-29,498,14.0,10
monthly,2020-06-30,498,14.0,10
monthly,2020-07-31,497,14.0,10
monthly,2020-08-31,497,14.0,10
monthly,2020-09-30,498,14.0,10
monthly,2020-10-30,497,14.0,10
monthly,2020-11-30,496,14.0,10
monthly,2020-12-31,497,14.0,10
monthly,2021-01-29,497,14.0,10
monthly,2021-02-26,497,14.0,10
monthly,2021-03-31,500,14.0,10
monthly,2021-04-30,500,14.0,10
monthly,2021-05-28,500,14.0,10
monthly,2021-06-30,499,14.0,10
monthly,2021-07-30,499,14.0,10
monthly,2021-08-31,499,14.0,10
monthly,2021-09-30,499,14.0,10
monthly,2021-10-29,499,14.0,10
monthly,2021-11-30,499,14.0,11
monthly,2021-12-31,499,14.0,11
monthly,2022-01-31,499,14.0,11
monthly,2022-02-28,498,14.0,11
monthly,2022-03-31,499,14.0,11
monthly,2022-04-29,498,14.0,11
monthly,2022-05-31,499,14.0,11
monthly,2022-06-30,498,14.0,11
monthly,2022-07-29,498,14.0,11
monthly,2022-08-31,498,14.0,11
monthly,2022-09-30,497,14.0,11
monthly,2022-10-31,497,14.0,11
monthly,2022-11-30,498,14.0,11
monthly,2022-12-30,498,14.0,11
monthly,2023-01-31,497,14.0,11
monthly,2023-02-28,498,14.0,11
monthly,2023-03-31,498,14.0,11
monthly,2023-04-28,498,14.0,11
monthly,2023-05-31,499,14.0,11
monthly,2023-06-30,499,14.0,11
monthly,2023-07-31,499,14.0,11
monthly,2023-08-31,498,14.0,11
monthly,2023-09-29,498,14.0,11
monthly,2023-10-31,497,14.0,11
monthly,2023-11-30,497,14.0,11
monthly,2023-12-29,497,14.0,11
monthly,2024-01-31,497,14.0,11
monthly,2024-02-29,498,14.0,11
monthly,2024-03-28,499,14.0,11
monthly,2024-04-30,497,14.0,11
monthly,2024-05-31,498,14.0,10
monthly,2024-06-28,498,14.0,10
monthly,2024-07-31,499,14.0,10
monthly,2024-08-30,499,14.0,10
monthly,2024-09-30,499,14.0,10
monthly,2024-10-31,499,14.0,10
monthly,2024-11-29,499,14.0,10
monthly,2024-12-31,500,14.0,10
monthly,2025-01-31,500,14.0,10
monthly,2025-02-28,500,14.0,10
monthly,2025-03-31,502,14.0,11
monthly,2025-04-30,502,14.0,11
monthly,2025-05-30,502,14.0,11
monthly,2025-06-30,502,14.0,11
monthly,2025-07-31,502,14.0,11
monthly,2025-08-29,503,14.0,11
monthly,2025-09-30,503,14.0,11
monthly,2025-10-31,502,14.0,11
monthly,2025-11-28,499,14.0,11
monthly,2025-12-31,500,14.0,11
monthly,2026-01-30,500,14.0,11
monthly,2026-02-27,501,14.0,11
monthly,2026-03-31,501,14.0,11
monthly,2026-04-30,501,14.0,11
weekly,2014-01-03,355,10.0,10
weekly,2014-01-10,387,11.0,10
weekly,2014-01-17,387,11.0,10
weekly,2014-01-24,388,11.0,10
weekly,2014-01-31,388,11.0,10
weekly,2014-02-07,388,11.0,10
weekly,2014-02-14,388,11.0,10
weekly,2014-02-21,390,11.0,10
weekly,2014-02-28,392,11.0,10
weekly,2014-03-07,392,11.0,10
weekly,2014-03-14,392,11.0,10
weekly,2014-03-21,392,11.0,10
weekly,2014-03-28,393,11.0,10
weekly,2014-04-04,395,11.0,10
weekly,2014-04-11,395,11.0,10
weekly,2014-04-17,395,11.0,10
weekly,2014-04-25,395,11.0,10
weekly,2014-05-02,395,11.0,10
weekly,2014-05-09,396,11.0,10
weekly,2014-05-16,396,11.0,10
weekly,2014-05-23,396,11.0,10
weekly,2014-05-30,396,11.0,10
weekly,2014-06-06,396,11.0,10
weekly,2014-06-13,396,11.0,10
weekly,2014-06-20,396,11.0,10
weekly,2014-06-27,396,11.0,10
weekly,2014-07-03,398,11.0,10
weekly,2014-07-11,398,11.0,10
weekly,2014-07-18,398,11.0,10
weekly,2014-07-25,398,11.0,10
weekly,2014-08-01,398,11.0,10
weekly,2014-08-08,398,11.0,10
weekly,2014-08-15,400,11.0,10
weekly,2014-08-22,400,11.0,10
weekly,2014-08-29,400,11.0,10
weekly,2014-09-05,400,11.0,10
weekly,2014-09-12,400,11.0,10
weekly,2014-09-19,400,11.0,10
weekly,2014-09-26,401,11.0,10
weekly,2014-10-03,401,11.0,10
weekly,2014-10-10,401,11.0,10
weekly,2014-10-17,401,11.0,10
weekly,2014-10-24,401,11.0,10
weekly,2014-10-31,401,11.0,10
weekly,2014-11-07,400,11.0,10
weekly,2014-11-14,400,11.0,10
weekly,2014-11-21,400,11.0,10
weekly,2014-11-28,400,11.0,10
weekly,2014-12-05,400,11.0,10
weekly,2014-12-12,400,11.0,10
weekly,2014-12-19,400,11.0,10
weekly,2014-12-26,400,11.0,10
weekly,2015-01-02,400,11.0,10
weekly,2015-01-09,400,11.0,10
weekly,2015-01-16,400,11.0,10
weekly,2015-01-23,400,11.0,10
weekly,2015-01-30,400,11.0,10
weekly,2015-02-06,400,11.0,10
weekly,2015-02-13,400,11.0,10
weekly,2015-02-20,400,11.0,10
weekly,2015-02-27,400,11.0,10
weekly,2015-03-06,400,11.0,10
weekly,2015-03-13,401,11.0,10
weekly,2015-03-20,402,11.0,10
weekly,2015-03-27,404,11.0,10
weekly,2015-04-02,404,11.0,10
weekly,2015-04-10,405,11.0,10
weekly,2015-04-17,405,11.0,10
weekly,2015-04-24,406,11.0,10
weekly,2015-05-01,406,11.0,10
weekly,2015-05-08,406,11.0,10
weekly,2015-05-15,406,11.0,10
weekly,2015-05-22,406,11.0,10
weekly,2015-05-29,406,11.0,10
weekly,2015-06-05,406,11.0,10
weekly,2015-06-12,406,11.0,10
weekly,2015-06-19,406,11.0,10
weekly,2015-06-26,407,11.0,10
weekly,2015-07-02,407,11.0,10
weekly,2015-07-10,408,11.0,10
weekly,2015-07-17,408,11.0,10
weekly,2015-07-24,408,11.0,10
weekly,2015-07-31,409,11.0,10
weekly,2015-08-07,409,11.0,10
weekly,2015-08-14,409,11.0,10
weekly,2015-08-21,409,11.0,10
weekly,2015-08-28,409,11.0,10
weekly,2015-09-04,411,11.0,10
weekly,2015-09-11,411,11.0,10
weekly,2015-09-18,411,11.0,10
weekly,2015-09-25,412,11.0,10
weekly,2015-10-02,410,11.0,10
weekly,2015-10-09,411,11.0,10
weekly,2015-10-16,411,11.0,10
weekly,2015-10-23,411,11.0,10
weekly,2015-10-30,411,11.0,10
weekly,2015-11-06,411,11.0,10
weekly,2015-11-13,411,11.0,10
weekly,2015-11-20,412,11.0,10
weekly,2015-11-27,412,11.0,10
weekly,2015-12-04,411,11.0,10
weekly,2015-12-11,411,11.0,10
weekly,2015-12-18,411,11.0,10
weekly,2015-12-24,411,11.0,10
weekly,2015-12-31,417,12.0,10
weekly,2016-01-08,419,12.0,10
weekly,2016-01-15,419,12.0,10
weekly,2016-01-22,420,12.0,10
weekly,2016-01-29,420,13.0,10
weekly,2016-02-05,422,13.0,10
weekly,2016-02-12,422,13.0,10
weekly,2016-02-19,422,13.0,10
weekly,2016-02-26,423,13.0,10
weekly,2016-03-04,423,13.0,10
weekly,2016-03-11,424,13.0,10
weekly,2016-03-18,424,13.0,10
weekly,2016-03-24,424,13.0,10
weekly,2016-04-01,425,13.0,10
weekly,2016-04-08,425,13.0,10
weekly,2016-04-15,425,13.0,10
weekly,2016-04-22,425,13.0,10
weekly,2016-04-29,425,13.0,10
weekly,2016-05-06,426,13.0,10
weekly,2016-05-13,427,13.0,10
weekly,2016-05-20,428,13.0,10
weekly,2016-05-27,429,13.0,10
weekly,2016-06-03,430,13.0,10
weekly,2016-06-10,430,13.0,10
weekly,2016-06-17,430,13.0,10
weekly,2016-06-24,431,13.0,10
weekly,2016-07-01,433,13.0,10
weekly,2016-07-08,434,13.0,10
weekly,2016-07-15,434,13.0,10
weekly,2016-07-22,435,13.0,10
weekly,2016-07-29,435,13.0,10
weekly,2016-08-05,435,13.0,10
weekly,2016-08-12,435,13.0,10
weekly,2016-08-19,435,13.0,10
weekly,2016-08-26,435,13.0,10
weekly,2016-09-02,435,13.0,10
weekly,2016-09-09,437,13.0,10
weekly,2016-09-16,437,13.0,10
weekly,2016-09-23,438,13.0,10
weekly,2016-09-30,438,13.0,10
weekly,2016-10-07,439,13.0,10
weekly,2016-10-14,439,13.0,10
weekly,2016-10-21,440,13.0,10
weekly,2016-10-28,440,13.0,10
weekly,2016-11-04,440,13.0,10
weekly,2016-11-11,440,13.0,10
weekly,2016-11-18,441,13.0,10
weekly,2016-11-25,441,13.0,10
weekly,2016-12-02,442,13.0,10
weekly,2016-12-09,442,13.0,10
weekly,2016-12-16,442,13.0,10
weekly,2016-12-23,442,13.0,10
weekly,2016-12-30,442,13.0,10
weekly,2017-01-06,443,13.0,10
weekly,2017-01-13,443,13.0,10
weekly,2017-01-20,443,13.0,10
weekly,2017-01-27,443,13.0,10
weekly,2017-02-03,443,13.0,10
weekly,2017-02-10,443,13.0,10
weekly,2017-02-17,443,13.0,10
weekly,2017-02-24,443,13.0,10
weekly,2017-03-03,445,13.0,10
weekly,2017-03-10,445,13.0,10
weekly,2017-03-17,446,13.0,10
weekly,2017-03-24,447,13.0,10
weekly,2017-03-31,447,13.0,10
weekly,2017-04-07,449,13.0,10
weekly,2017-04-13,449,13.0,10
weekly,2017-04-21,449,13.0,10
weekly,2017-04-28,449,13.0,10
weekly,2017-05-05,449,13.0,10
weekly,2017-05-12,449,13.0,10
weekly,2017-05-19,449,13.0,10
weekly,2017-05-26,449,13.0,10
weekly,2017-06-02,449,13.0,10
weekly,2017-06-09,449,13.0,10
weekly,2017-06-16,449,13.0,10
weekly,2017-06-23,450,13.0,10
weekly,2017-06-30,450,13.0,10
weekly,2017-07-07,451,13.0,10
weekly,2017-07-14,451,13.0,10
weekly,2017-07-21,451,13.0,10
weekly,2017-07-28,452,13.0,10
weekly,2017-08-04,452,13.0,10
weekly,2017-08-11,451,13.0,10
weekly,2017-08-18,451,13.0,10
weekly,2017-08-25,451,13.0,10
weekly,2017-09-01,451,13.0,10
weekly,2017-09-08,451,13.0,10
weekly,2017-09-15,451,13.0,10
weekly,2017-09-22,452,13.0,10
weekly,2017-09-29,452,13.0,10
weekly,2017-10-06,488,13.0,10
weekly,2017-10-13,489,13.0,10
weekly,2017-10-20,489,13.0,10
weekly,2017-10-27,489,13.0,10
weekly,2017-11-03,489,13.0,10
weekly,2017-11-10,490,13.0,10
weekly,2017-11-17,490,13.0,10
weekly,2017-11-24,490,13.0,10
weekly,2017-12-01,490,13.0,10
weekly,2017-12-08,490,13.0,10
weekly,2017-12-15,490,13.0,10
weekly,2017-12-22,490,13.0,10
weekly,2017-12-29,490,13.0,10
weekly,2018-01-05,491,13.0,10
weekly,2018-01-12,491,13.0,10
weekly,2018-01-19,491,13.0,10
weekly,2018-01-26,491,13.0,10
weekly,2018-02-02,491,13.0,10
weekly,2018-02-09,491,13.0,10
weekly,2018-02-16,492,13.0,10
weekly,2018-02-23,493,13.0,10
weekly,2018-03-02,493,13.0,10
weekly,2018-03-09,493,13.0,10
weekly,2018-03-16,493,13.0,10
weekly,2018-03-23,493,13.0,10
weekly,2018-03-29,493,13.0,10
weekly,2018-04-06,493,13.0,10
weekly,2018-04-13,493,13.0,10
weekly,2018-04-20,493,13.0,10
weekly,2018-04-27,493,13.0,10
weekly,2018-05-04,493,13.0,10
weekly,2018-05-11,493,13.0,10
weekly,2018-05-18,493,13.0,10
weekly,2018-05-25,493,13.0,10
weekly,2018-06-01,493,13.0,10
weekly,2018-06-08,492,13.0,10
weekly,2018-06-15,491,13.0,10
weekly,2018-06-22,492,13.0,10
weekly,2018-06-29,492,13.0,10
weekly,2018-07-06,492,13.0,10
weekly,2018-07-13,492,13.0,10
weekly,2018-07-20,493,13.0,10
weekly,2018-07-27,493,13.0,10
weekly,2018-08-03,493,13.0,10
weekly,2018-08-10,493,13.0,10
weekly,2018-08-17,493,13.0,10
weekly,2018-08-24,493,13.0,10
weekly,2018-08-31,493,13.0,10
weekly,2018-09-07,494,13.0,10
weekly,2018-09-14,493,13.0,10
weekly,2018-09-21,494,13.0,10
weekly,2018-09-28,494,13.0,10
weekly,2018-10-05,494,13.0,10
weekly,2018-10-12,494,13.0,10
weekly,2018-10-19,494,13.0,10
weekly,2018-10-26,494,13.0,10
weekly,2018-11-02,493,13.0,10
weekly,2018-11-09,495,13.0,10
weekly,2018-11-16,495,13.0,10
weekly,2018-11-23,495,13.0,10
weekly,2018-11-30,493,13.0,10
weekly,2018-12-07,495,13.0,10
weekly,2018-12-14,495,13.0,10
weekly,2018-12-21,494,13.0,10
weekly,2018-12-28,495,13.0,10
weekly,2019-01-04,494,13.0,10
weekly,2019-01-11,494,13.0,10
weekly,2019-01-18,494,13.0,10
weekly,2019-01-25,494,13.0,10
weekly,2019-02-01,494,13.0,10
weekly,2019-02-08,494,13.0,10
weekly,2019-02-15,494,13.0,10
weekly,2019-02-22,495,13.0,10
weekly,2019-03-01,495,13.0,10
weekly,2019-03-08,495,13.0,10
weekly,2019-03-15,495,13.0,10
weekly,2019-03-22,495,13.0,10
weekly,2019-03-29,495,13.0,10
weekly,2019-04-05,494,13.0,10
weekly,2019-04-12,494,13.0,10
weekly,2019-04-18,494,13.0,10
weekly,2019-04-26,494,13.0,10
weekly,2019-05-03,494,13.0,10
weekly,2019-05-10,494,13.0,10
weekly,2019-05-17,494,13.0,10
weekly,2019-05-24,494,13.0,10
weekly,2019-05-31,494,13.0,10
weekly,2019-06-07,492,13.0,10
weekly,2019-06-14,493,13.0,10
weekly,2019-06-21,493,13.0,10
weekly,2019-06-28,493,13.0,10
weekly,2019-07-05,493,13.0,10
weekly,2019-07-12,492,13.0,10
weekly,2019-07-19,493,13.0,10
weekly,2019-07-26,493,13.0,10
weekly,2019-08-02,493,13.0,10
weekly,2019-08-09,494,13.0,10
weekly,2019-08-16,494,13.0,10
weekly,2019-08-23,494,13.0,10
weekly,2019-08-30,494,13.0,10
weekly,2019-09-06,495,13.0,10
weekly,2019-09-13,495,13.0,10
weekly,2019-09-20,494,13.0,10
weekly,2019-09-27,495,13.0,10
weekly,2019-10-04,495,13.0,10
weekly,2019-10-11,495,13.0,10
weekly,2019-10-18,494,13.0,10
weekly,2019-10-25,494,13.0,10
weekly,2019-11-01,494,14.0,10
weekly,2019-11-08,494,14.0,10
weekly,2019-11-15,494,14.0,10
weekly,2019-11-22,495,14.0,10
weekly,2019-11-29,495,14.0,10
weekly,2019-12-06,494,14.0,10
weekly,2019-12-13,496,14.0,10
weekly,2019-12-20,496,14.0,10
weekly,2019-12-27,496,14.0,10
weekly,2020-01-03,495,14.0,10
weekly,2020-01-10,495,14.0,10
weekly,2020-01-17,495,14.0,10
weekly,2020-01-24,494,14.0,10
weekly,2020-01-31,495,14.0,10
weekly,2020-02-07,496,14.0,10
weekly,2020-02-14,496,14.0,10
weekly,2020-02-21,496,14.0,10
weekly,2020-02-28,496,14.0,10
weekly,2020-03-06,496,14.0,10
weekly,2020-03-13,498,14.0,10
weekly,2020-03-20,499,14.0,10
weekly,2020-03-27,499,14.0,10
weekly,2020-04-03,498,14.0,10
weekly,2020-04-09,497,14.0,10
weekly,2020-04-17,497,14.0,10
weekly,2020-04-24,497,14.0,10
weekly,2020-05-01,497,14.0,10
weekly,2020-05-08,497,14.0,10
weekly,2020-05-15,497,14.0,10
weekly,2020-05-22,497,14.0,10
weekly,2020-05-29,498,14.0,10
weekly,2020-06-05,498,14.0,10
weekly,2020-06-12,498,14.0,10
weekly,2020-06-19,498,14.0,10
weekly,2020-06-26,498,14.0,10
weekly,2020-07-02,498,14.0,10
weekly,2020-07-10,498,14.0,10
weekly,2020-07-17,498,14.0,10
weekly,2020-07-24,498,14.0,10
weekly,2020-07-31,497,14.0,10
weekly,2020-08-07,497,14.0,10
weekly,2020-08-14,497,14.0,10
weekly,2020-08-21,497,14.0,10
weekly,2020-08-28,497,14.0,10
weekly,2020-09-04,498,14.0,10
weekly,2020-09-11,498,14.0,10
weekly,2020-09-18,498,14.0,10
weekly,2020-09-25,498,14.0,10
weekly,2020-10-02,497,14.0,10
weekly,2020-10-09,497,14.0,10
weekly,2020-10-16,497,14.0,10
weekly,2020-10-23,497,14.0,10
weekly,2020-10-30,497,14.0,10
weekly,2020-11-06,496,14.0,10
weekly,2020-11-13,496,14.0,10
weekly,2020-11-20,496,14.0,10
weekly,2020-11-27,496,14.0,10
weekly,2020-12-04,496,14.0,10
weekly,2020-12-11,497,14.0,10
weekly,2020-12-18,497,14.0,10
weekly,2020-12-24,497,14.0,10
weekly,2020-12-31,497,14.0,10
weekly,2021-01-08,497,14.0,10
weekly,2021-01-15,497,14.0,10
weekly,2021-01-22,497,14.0,10
weekly,2021-01-29,497,14.0,10
weekly,2021-02-05,497,14.0,10
weekly,2021-02-12,497,14.0,10
weekly,2021-02-19,497,14.0,10
weekly,2021-02-26,497,14.0,10
weekly,2021-03-05,497,14.0,10
weekly,2021-03-12,497,14.0,10
weekly,2021-03-19,499,14.0,10
weekly,2021-03-26,500,14.0,10
weekly,2021-04-01,500,14.0,10
weekly,2021-04-09,500,14.0,10
weekly,2021-04-16,499,14.0,10
weekly,2021-04-23,500,14.0,10
weekly,2021-04-30,500,14.0,10
weekly,2021-05-07,500,14.0,10
weekly,2021-05-14,500,14.0,10
weekly,2021-05-21,500,14.0,10
weekly,2021-05-28,500,14.0,10
weekly,2021-06-04,499,14.0,10
weekly,2021-06-11,499,14.0,10
weekly,2021-06-18,499,14.0,10
weekly,2021-06-25,499,14.0,10
weekly,2021-07-02,499,14.0,10
weekly,2021-07-09,499,14.0,10
weekly,2021-07-16,499,14.0,10
weekly,2021-07-23,499,14.0,10
weekly,2021-07-30,499,14.0,10
weekly,2021-08-06,499,14.0,10
weekly,2021-08-13,499,14.0,10
weekly,2021-08-20,499,14.0,10
weekly,2021-08-27,498,14.0,10
weekly,2021-09-03,499,14.0,10
weekly,2021-09-10,499,14.0,10
weekly,2021-09-17,499,14.0,10
weekly,2021-09-24,499,14.0,10
weekly,2021-10-01,499,14.0,10
weekly,2021-10-08,499,14.0,10
weekly,2021-10-15,499,14.0,10
weekly,2021-10-22,499,14.0,10
weekly,2021-10-29,499,14.0,10
weekly,2021-11-05,499,14.0,10
weekly,2021-11-12,499,14.0,11
weekly,2021-11-19,499,14.0,11
weekly,2021-11-26,499,14.0,11
weekly,2021-12-03,499,14.0,11
weekly,2021-12-10,499,14.0,11
weekly,2021-12-17,499,14.0,11
weekly,2021-12-23,499,14.0,11
weekly,2021-12-31,499,14.0,11
weekly,2022-01-07,499,14.0,11
weekly,2022-01-14,499,14.0,11
weekly,2022-01-21,499,14.0,11
weekly,2022-01-28,499,14.0,11
weekly,2022-02-04,498,14.0,11
weekly,2022-02-11,498,14.0,11
weekly,2022-02-18,498,14.0,11
weekly,2022-02-25,498,14.0,11
weekly,2022-03-04,499,14.0,11
weekly,2022-03-11,499,14.0,11
weekly,2022-03-18,499,14.0,11
weekly,2022-03-25,499,14.0,11
weekly,2022-04-01,499,14.0,11
weekly,2022-04-08,499,14.0,11
weekly,2022-04-14,498,14.0,11
weekly,2022-04-22,498,14.0,11
weekly,2022-04-29,498,14.0,11
weekly,2022-05-06,498,14.0,11
weekly,2022-05-13,499,14.0,10
weekly,2022-05-20,499,14.0,11
weekly,2022-05-27,499,14.0,11
weekly,2022-06-03,499,14.0,11
weekly,2022-06-10,499,14.0,11
weekly,2022-06-17,499,14.0,11
weekly,2022-06-24,498,14.0,11
weekly,2022-07-01,498,14.0,11
weekly,2022-07-08,498,14.0,11
weekly,2022-07-15,498,14.0,11
weekly,2022-07-22,498,14.0,11
weekly,2022-07-29,498,14.0,11
weekly,2022-08-05,498,14.0,11
weekly,2022-08-12,498,14.0,11
weekly,2022-08-19,498,14.0,11
weekly,2022-08-26,498,14.0,11
weekly,2022-09-02,498,14.0,11
weekly,2022-09-09,498,14.0,11
weekly,2022-09-16,498,14.0,11
weekly,2022-09-23,498,14.0,11
weekly,2022-09-30,497,14.0,11
weekly,2022-10-07,498,14.0,11
weekly,2022-10-14,498,14.0,11
weekly,2022-10-21,498,14.0,11
weekly,2022-10-28,497,14.0,11
weekly,2022-11-04,498,14.0,11
weekly,2022-11-11,498,14.0,11
weekly,2022-11-18,498,14.0,11
weekly,2022-11-25,498,14.0,11
weekly,2022-12-02,498,14.0,11
weekly,2022-12-09,498,14.0,11
weekly,2022-12-16,498,14.0,11
weekly,2022-12-23,498,14.0,11
weekly,2022-12-30,498,14.0,11
weekly,2023-01-06,497,14.0,11
weekly,2023-01-13,497,14.0,11
weekly,2023-01-20,497,14.0,11
weekly,2023-01-27,497,14.0,11
weekly,2023-02-03,497,14.0,11
weekly,2023-02-10,497,14.0,11
weekly,2023-02-17,498,14.0,11
weekly,2023-02-24,498,14.0,11
weekly,2023-03-03,498,14.0,11
weekly,2023-03-10,497,14.0,11
weekly,2023-03-17,498,14.0,11
weekly,2023-03-24,498,14.0,11
weekly,2023-03-31,498,14.0,11
weekly,2023-04-06,498,14.0,11
weekly,2023-04-14,498,14.0,11
weekly,2023-04-21,498,14.0,11
weekly,2023-04-28,498,14.0,11
weekly,2023-05-05,499,14.0,11
weekly,2023-05-12,499,14.0,11
weekly,2023-05-19,499,14.0,11
weekly,2023-05-26,499,14.0,11
weekly,2023-06-02,499,14.0,11
weekly,2023-06-09,499,14.0,11
weekly,2023-06-16,499,14.0,11
weekly,2023-06-23,499,14.0,11
weekly,2023-06-30,499,14.0,11
weekly,2023-07-07,499,14.0,11
weekly,2023-07-14,499,14.0,11
weekly,2023-07-21,499,14.0,11
weekly,2023-07-28,499,14.0,11
weekly,2023-08-04,499,14.0,11
weekly,2023-08-11,499,14.0,11
weekly,2023-08-18,499,14.0,11
weekly,2023-08-25,498,14.0,11
weekly,2023-09-01,498,14.0,11
weekly,2023-09-08,498,14.0,11
weekly,2023-09-15,498,14.0,11
weekly,2023-09-22,498,14.0,11
weekly,2023-09-29,498,14.0,11
weekly,2023-10-06,497,14.0,11
weekly,2023-10-13,496,14.0,11
weekly,2023-10-20,497,14.0,11
weekly,2023-10-27,497,14.0,11
weekly,2023-11-03,497,14.0,11
weekly,2023-11-10,497,14.0,11
weekly,2023-11-17,497,14.0,11
weekly,2023-11-24,497,14.0,11
weekly,2023-12-01,497,14.0,11
weekly,2023-12-08,497,14.0,11
weekly,2023-12-15,497,14.0,11
weekly,2023-12-22,497,14.0,11
weekly,2023-12-29,497,14.0,11
weekly,2024-01-05,497,14.0,11
weekly,2024-01-12,497,14.0,11
weekly,2024-01-19,497,14.0,11
weekly,2024-01-26,497,14.0,11
weekly,2024-02-02,497,14.0,11
weekly,2024-02-09,498,14.0,11
weekly,2024-02-16,498,14.0,11
weekly,2024-02-23,498,14.0,11
weekly,2024-03-01,498,14.0,11
weekly,2024-03-08,499,14.0,11
weekly,2024-03-15,499,14.0,11
weekly,2024-03-22,499,14.0,11
weekly,2024-03-28,499,14.0,11
weekly,2024-04-05,497,14.0,11
weekly,2024-04-12,497,14.0,11
weekly,2024-04-19,497,14.0,11
weekly,2024-04-26,497,14.0,11
weekly,2024-05-03,496,14.0,11
weekly,2024-05-10,498,14.0,10
weekly,2024-05-17,498,14.0,10
weekly,2024-05-24,498,14.0,10
weekly,2024-05-31,498,14.0,10
weekly,2024-06-07,498,14.0,10
weekly,2024-06-14,498,14.0,10
weekly,2024-06-21,498,14.0,10
weekly,2024-06-28,498,14.0,10
weekly,2024-07-05,498,14.0,10
weekly,2024-07-12,499,14.0,10
weekly,2024-07-19,499,14.0,10
weekly,2024-07-26,499,14.0,10
weekly,2024-08-02,499,14.0,10
weekly,2024-08-09,499,14.0,10
weekly,2024-08-16,499,14.0,10
weekly,2024-08-23,499,14.0,10
weekly,2024-08-30,499,14.0,10
weekly,2024-09-06,499,14.0,10
weekly,2024-09-13,499,14.0,10
weekly,2024-09-20,499,14.0,10
weekly,2024-09-27,499,14.0,10
weekly,2024-10-04,499,14.0,10
weekly,2024-10-11,499,14.0,10
weekly,2024-10-18,499,14.0,10
weekly,2024-10-25,499,14.0,10
weekly,2024-11-01,499,14.0,10
weekly,2024-11-08,499,14.0,10
weekly,2024-11-15,499,14.0,10
weekly,2024-11-22,498,14.0,10
weekly,2024-11-29,499,14.0,10
weekly,2024-12-06,499,14.0,10
weekly,2024-12-13,499,14.0,10
weekly,2024-12-20,498,14.0,10
weekly,2024-12-27,500,14.0,10
weekly,2025-01-03,500,14.0,10
weekly,2025-01-10,500,14.0,10
weekly,2025-01-17,500,14.0,10
weekly,2025-01-24,500,14.0,10
weekly,2025-01-31,500,14.0,10
weekly,2025-02-07,500,14.0,10
weekly,2025-02-14,500,14.0,10
weekly,2025-02-21,500,14.0,10
weekly,2025-02-28,500,14.0,10
weekly,2025-03-07,500,14.0,11
weekly,2025-03-14,500,14.0,11
weekly,2025-03-21,500,14.0,11
weekly,2025-03-28,501,14.0,11
weekly,2025-04-04,502,14.0,11
weekly,2025-04-11,502,14.0,11
weekly,2025-04-17,502,14.0,11
weekly,2025-04-25,502,14.0,11
weekly,2025-05-02,502,14.0,11
weekly,2025-05-09,502,14.0,11
weekly,2025-05-16,502,14.0,11
weekly,2025-05-23,502,14.0,11
weekly,2025-05-30,502,14.0,11
weekly,2025-06-06,502,14.0,11
weekly,2025-06-13,502,14.0,11
weekly,2025-06-20,502,14.0,11
weekly,2025-06-27,502,14.0,11
weekly,2025-07-03,501,14.0,11
weekly,2025-07-11,502,14.0,11
weekly,2025-07-18,501,14.0,11
weekly,2025-07-25,502,14.0,11
weekly,2025-08-01,502,14.0,11
weekly,2025-08-08,503,14.0,11
weekly,2025-08-15,503,14.0,11
weekly,2025-08-22,503,14.0,11
weekly,2025-08-29,503,14.0,11
weekly,2025-09-05,503,14.0,11
weekly,2025-09-12,503,14.0,11
weekly,2025-09-19,503,14.0,11
weekly,2025-09-26,503,14.0,11
weekly,2025-10-03,503,14.0,11
weekly,2025-10-10,503,14.0,11
weekly,2025-10-17,503,14.0,11
weekly,2025-10-24,503,14.0,11
weekly,2025-10-31,502,14.0,11
weekly,2025-11-07,501,14.0,11
weekly,2025-11-14,500,14.0,11
weekly,2025-11-21,500,14.0,11
weekly,2025-11-28,499,14.0,11
weekly,2025-12-05,499,14.0,11
weekly,2025-12-12,499,14.0,11
weekly,2025-12-19,499,14.0,11
weekly,2025-12-26,500,14.0,11
weekly,2026-01-02,500,14.0,11
weekly,2026-01-09,500,14.0,11
weekly,2026-01-16,500,14.0,11
weekly,2026-01-23,500,14.0,11
weekly,2026-01-30,500,14.0,11
weekly,2026-02-06,499,14.0,11
weekly,2026-02-13,500,14.0,11
weekly,2026-02-20,501,14.0,11
weekly,2026-02-27,501,14.0,11
weekly,2026-03-06,501,14.0,11
weekly,2026-03-13,501,14.0,11
weekly,2026-03-20,501,14.0,11
weekly,2026-03-27,501,14.0,11
weekly,2026-04-02,501,14.0,11
weekly,2026-04-10,501,14.0,11
weekly,2026-04-17,501,14.0,11
weekly,2026-04-24,501,14.0,11
weekly,2026-05-01,501,14.0,11
weekly,2026-05-08,501,14.0,11
weekly,2026-05-15,501,14.0,11
weekly,2026-05-22,501,14.0,11
weekly,2026-05-29,501,14.0,11
weekly,2026-06-05,500,14.0,11
weekly,2026-06-12,500,14.0,11
weekly,2026-06-18,500,14.0,11
